DROP TABLE IF EXISTS liga,verein,spiel,spieler CASCADE;

CREATE TABLE verein (
  v_id NUMERIC(11) NOT NULL UNIQUE,
  name varchar(255)  NOT NULL,
  liga decimal(1) DEFAULT NULL,
  PRIMARY KEY (v_id)
);


CREATE TABLE liga (
  liga_nr NUMERIC(1) NOT NULL,
  verband varchar(255)  NOT NULL,
  erstaustragung date NOT NULL,
  meister NUMERIC(11) DEFAULT NULL,
  rekordspieler varchar(255) DEFAULT NULL,
  spiele_rekordspieler NUMERIC(11) DEFAULT NULL,
  PRIMARY KEY (liga_nr),
  CONSTRAINT Liga_ibfk_1 FOREIGN KEY (meister) REFERENCES verein (v_id),
  CONSTRAINT Liga_ibfk_2 FOREIGN KEY (meister) REFERENCES verein (v_id) ON DELETE SET NULL
);


INSERT INTO Verein VALUES (1,'Borussia Dortmund',1);
INSERT INTO Verein VALUES (2,'Borussia Mönchengladbach',1);
INSERT INTO Verein VALUES (3,'Eintracht Frankfurt',1);
INSERT INTO Verein VALUES (4,'RB Leipzig',1);
INSERT INTO Verein VALUES (5,'FC Bayern München',1);
INSERT INTO Verein VALUES (6,'1899 Hoffenheim',1);
INSERT INTO Verein VALUES (7,'SV Werder Bremen',1);
INSERT INTO Verein VALUES (8,'Hertha BSC',1);
INSERT INTO Verein VALUES (9,'VfL Wolfsburg',1);
INSERT INTO Verein VALUES (10,'1. FSV Mainz 05',1);
INSERT INTO Verein VALUES (11,'SC Freiburg',1);
INSERT INTO Verein VALUES (12,'Bayer Leverkusen',1);
INSERT INTO Verein VALUES (13,'FC Augsburg',1);
INSERT INTO Verein VALUES (14,'FC Schalke 04',1);
INSERT INTO Verein VALUES (15,'1. FC Nürnberg',1);
INSERT INTO Verein VALUES (16,'Hannover 96',1);
INSERT INTO Verein VALUES (17,'Fortuna Düsseldorf',1);
INSERT INTO Verein VALUES (18,'VfB Stuttgart',1);
INSERT INTO Verein VALUES (19,'Hamburger SV',2);
INSERT INTO Verein VALUES (20,'1. FC Köln',2);
INSERT INTO Verein VALUES (21,'1. FC Union Berlin',2);
INSERT INTO Verein VALUES (22,'FC St. Pauli',2);
INSERT INTO Verein VALUES (23,'VfL Bochum',2);
INSERT INTO Verein VALUES (24,'SpVgg Greuther Fürth',2);
INSERT INTO Verein VALUES (25,'SC Paderborn 07',2);
INSERT INTO Verein VALUES (26,'Jahn Regensburg',2);
INSERT INTO Verein VALUES (27,'Holstein Kiel',2);
INSERT INTO Verein VALUES (28,'Dynamo Dresden',2);
INSERT INTO Verein VALUES (29,'1. FC Heidenheim 1846',2);
INSERT INTO Verein VALUES (30,'SV Darmstadt 98',2);
INSERT INTO Verein VALUES (31,'FC Erzgebirge Aue',2);
INSERT INTO Verein VALUES (32,'Arminia Bielefeld',2);
INSERT INTO Verein VALUES (33,'MSV Duisburg',2);
INSERT INTO Verein VALUES (34,'SV Sandhausen',2);
INSERT INTO Verein VALUES (35,'1. FC Magdeburg',2);
INSERT INTO Verein VALUES (36,'FC Ingolstadt 04',2);
INSERT INTO Verein VALUES (37,'VfL Osnabrück',3);
INSERT INTO Verein VALUES (38,'Preußen Münster',3);
INSERT INTO Verein VALUES (39,'Karlsruher SC',3);
INSERT INTO Verein VALUES (40,'KFC Uerdingen 05',3);
INSERT INTO Verein VALUES (41,'SpVgg Unterhaching',3);
INSERT INTO Verein VALUES (42,'Hallescher FC',3);
INSERT INTO Verein VALUES (43,'Hansa Rostock',3);
INSERT INTO Verein VALUES (44,'SV Wehen Wiesbaden',3);
INSERT INTO Verein VALUES (45,'Sportfreunde Lotte',3);
INSERT INTO Verein VALUES (46,'1. FC Kaiserslautern',3);
INSERT INTO Verein VALUES (47,'TSV 1860 München',3);
INSERT INTO Verein VALUES (48,'Kickers Würzburg',3);
INSERT INTO Verein VALUES (49,'FSV Zwickau',3);
INSERT INTO Verein VALUES (50,'SG Sonnenhof Großaspach',3);
INSERT INTO Verein VALUES (51,'FC Energie Cottbus',3);
INSERT INTO Verein VALUES (52,'Fortuna Köln',3);
INSERT INTO Verein VALUES (53,'FC Carl Zeiss Jena',3);
INSERT INTO Verein VALUES (54,'VfR Aalen',3);
INSERT INTO Verein VALUES (55,'SV Meppen',3);
INSERT INTO Verein VALUES (56,'Eintracht Braunschweig',3);

--ALTER TABLE verein ADD
--CONSTRAINT liga FOREIGN KEY(liga) REFERENCES liga(Liga_nr);

CREATE TABLE spiel (
  spiel_ID NUMERIC(11) NOT NULL,
  spieltag NUMERIC(11) DEFAULT NULL,
  datum date DEFAULT NULL,
  uhrzeit time DEFAULT NULL,
  heim NUMERIC(11) NOT NULL,
  gast NUMERIC(11) NOT NULL,
  tore_heim NUMERIC(11) DEFAULT NULL,
  tore_gast NUMERIC(11) DEFAULT NULL,
  PRIMARY KEY (spiel_id),
  CONSTRAINT Spiel_ibfk_1 FOREIGN KEY (heim) REFERENCES Verein (v_id),
  CONSTRAINT Spiel_ibfk_2 FOREIGN KEY (gast) REFERENCES Verein (v_id)
);

CREATE TABLE spieler (
  spieler_id NUMERIC(11) NOT NULL ,
  vereins_id NUMERIC(11) NOT NULL,
  trikot_nr NUMERIC(11) DEFAULT NULL,
  spieler_name varchar(255) NOT NULL,
  land varchar(255)  DEFAULT NULL,
  spiele NUMERIC(11) DEFAULT NULL,
  tore NUMERIC(11) DEFAULT NULL,
  vorlagen NUMERIC(11) DEFAULT NULL,
  PRIMARY KEY (spieler_id),
  CONSTRAINT Spieler_ibfk_1 FOREIGN KEY (vereins_id) REFERENCES Verein (v_id)
);


INSERT INTO Spieler VALUES (1,1,1,'Roman Bürki','Schweiz',23,0,0);
INSERT INTO Spieler VALUES (2,1,35,'Marwin Hitz','Schweiz',3,0,0);
INSERT INTO Spieler VALUES (3,1,40,'Eric Oelschlägel','Deutschland',0,0,0);
INSERT INTO Spieler VALUES (4,1,4,'Abdou Diallo','Frankreich',21,1,0);
INSERT INTO Spieler VALUES (5,1,26,'Lukasz Piszczek','Polen',20,1,5);
INSERT INTO Spieler VALUES (6,1,5,'Achraf Hakimi','Marokko',18,1,6);
INSERT INTO Spieler VALUES (7,1,16,'Manuel Akanji','Schweiz',18,1,0);
INSERT INTO Spieler VALUES (8,1,13,'Raphael Guerreiro','Portugal',15,4,3);
INSERT INTO Spieler VALUES (9,1,2,'Dan Axel Zagadou','Frankreich',13,0,0);
INSERT INTO Spieler VALUES (10,1,29,'Marcel Schmelzer','Deutschland',9,0,1);
INSERT INTO Spieler VALUES (11,1,36,'Ömer Toprak','Türkei',8,0,0);
INSERT INTO Spieler VALUES (12,1,15,'Jeremy Toljan','Deutschland',0,0,0);
INSERT INTO Spieler VALUES (13,1,28,'Axel Witsel','Belgien',25,4,1);
INSERT INTO Spieler VALUES (14,1,6,'Thomas Delaney','Dänemark',21,1,2);
INSERT INTO Spieler VALUES (15,1,22,'Christian Pulisic','Vereinigte Staaten',19,3,3);
INSERT INTO Spieler VALUES (16,1,34,'Jacob Bruun Larsen','Dänemark',16,3,2);
INSERT INTO Spieler VALUES (17,1,10,'Mario Götze','Deutschland',16,1,3);
INSERT INTO Spieler VALUES (18,1,19,'Mahmoud Dahoud','Deutschland',13,1,0);
INSERT INTO Spieler VALUES (19,1,27,'Marius Wolf','Deutschland',11,1,0);
INSERT INTO Spieler VALUES (20,1,33,'Julian Weigl','Deutschland',9,1,0);
INSERT INTO Spieler VALUES (21,1,23,'Shinji Kagawa','Japan',4,0,0);
INSERT INTO Spieler VALUES (22,1,32,'Dzenis Burnic','Deutschland',0,0,0);
INSERT INTO Spieler VALUES (23,1,18,'Sebastian Rode','Deutschland',0,0,0);
INSERT INTO Spieler VALUES (24,1,7,'Jadon Sancho','England',25,7,9);
INSERT INTO Spieler VALUES (25,1,11,'Marco Reus','Deutschland',24,14,7);
INSERT INTO Spieler VALUES (26,1,9,'Paco Alcacer','Spanien',17,13,1);
INSERT INTO Spieler VALUES (27,1,20,'Maximilian Philipp','Deutschland',16,2,2);
INSERT INTO Spieler VALUES (28,1,17,'Sergio Gomez','Spanien',1,0,0);
INSERT INTO Spieler VALUES (29,1,14,'Alexander Isak','Schweden',0,0,0);
INSERT INTO Spieler VALUES (30,5,1,'Manuel Neuer','Deutschland',26,0,0);
INSERT INTO Spieler VALUES (31,5,36,'Christian Fruchtl','Deutschland',0,0,0);
INSERT INTO Spieler VALUES (32,5,39,'Ron Thorben Hofmann','Deutschland',0,0,0);
INSERT INTO Spieler VALUES (33,5,26,'Sven Ulreich','Deutschland',0,0,0);
INSERT INTO Spieler VALUES (34,5,32,'Joshua Kimmich','Deutschland',26,1,9);
INSERT INTO Spieler VALUES (35,5,27,'David Alaba','Österreich',24,1,3);
INSERT INTO Spieler VALUES (36,5,4,'Niklas Süle','Deutschland',22,1,0);
INSERT INTO Spieler VALUES (37,5,17,'Jerome Boateng','Deutschland',18,0,1);
INSERT INTO Spieler VALUES (38,5,13,'Rafinha','Brasilien',15,1,1);
INSERT INTO Spieler VALUES (39,5,5,'Mats Hummels','Deutschland',15,1,1);
INSERT INTO Spieler VALUES (40,5,23,'Jonathan Meier','Deutschland',0,0,0);
INSERT INTO Spieler VALUES (41,5,25,'Thomas Müller','Deutschland',25,5,6);
INSERT INTO Spieler VALUES (42,5,18,'Leon Goretzka','Deutschland',22,4,2);
INSERT INTO Spieler VALUES (43,5,7,'Franck Ribery','Frankreich',21,5,0);
INSERT INTO Spieler VALUES (44,5,6,'Thiago','Spanien',20,1,2);
INSERT INTO Spieler VALUES (45,5,8,'Javi Martinez','Spanien',17,1,0);
INSERT INTO Spieler VALUES (46,5,35,'Renato Sanches','Portugal',16,1,1);
INSERT INTO Spieler VALUES (47,5,10,'Arjen Robben','Niederlande',14,5,1);
INSERT INTO Spieler VALUES (48,5,11,'James ','Kolumbien',12,3,1);
INSERT INTO Spieler VALUES (49,5,24,'Corentin Tolisso','Frankreich',3,1,0);
INSERT INTO Spieler VALUES (50,5,28,'Paul Will','Deutschland',0,0,0);
INSERT INTO Spieler VALUES (51,5,9,'Robert Lewandowski','Polen',24,20,5);
INSERT INTO Spieler VALUES (52,5,22,'Serge Gnabry','Deutschland',21,4,3);
INSERT INTO Spieler VALUES (53,5,2,'Sandro Wagner','Deutschland',11,1,0);
INSERT INTO Spieler VALUES (54,5,29,'Kingsley Coman','Frankreich',9,1,0);
INSERT INTO Spieler VALUES (55,2,1,'Yann Sommer','Schweiz',19,0,0);
INSERT INTO Spieler VALUES (56,2,21,'Tobias Sippel','Deutschland',1,0,0);
INSERT INTO Spieler VALUES (57,2,35,'Moritz Nicolas','Deutschland',0,0,0);
INSERT INTO Spieler VALUES (58,2,17,'Oscar Wendt','Schweden',20,0,2);
INSERT INTO Spieler VALUES (59,2,30,'Nico Elvedi','Schweiz',16,1,0);
INSERT INTO Spieler VALUES (60,2,28,'Matthias Ginter','Deutschland',15,1,0);
INSERT INTO Spieler VALUES (61,2,3,'Michael Lang','Schweiz',13,1,0);
INSERT INTO Spieler VALUES (62,2,24,'Tony Jantschke','Deutschland',11,0,2);
INSERT INTO Spieler VALUES (63,2,15,'Louis Beyer','Deutschland',7,0,0);
INSERT INTO Spieler VALUES (64,2,40,'Andreas Poulsen','Dänemark',1,0,0);
INSERT INTO Spieler VALUES (65,2,29,'Mamadou Doucoure','Frankreich',0,0,0);
INSERT INTO Spieler VALUES (66,2,42,'Florian Mayer','Deutschland',0,0,0);
INSERT INTO Spieler VALUES (67,2,32,'Florian Neuhaus','Deutschland',20,2,7);
INSERT INTO Spieler VALUES (68,2,8,'Denis Zakaria','Schweiz',17,1,0);
INSERT INTO Spieler VALUES (69,2,5,'Tobias Strobl','Deutschland',16,0,2);
INSERT INTO Spieler VALUES (70,2,23,'Jonas Hofmann','Deutschland',15,6,7);
INSERT INTO Spieler VALUES (71,2,7,'Patrick Herrmann','Deutschland',12,2,3);
INSERT INTO Spieler VALUES (72,2,19,'Fabian Johnson','Vereinigte Staaten',11,1,0);
INSERT INTO Spieler VALUES (73,2,16,'Ibrahima Traore','Unbekannt',11,0,1);
INSERT INTO Spieler VALUES (74,2,27,'Mickael Cuisance','Frankreich',9,0,1);
INSERT INTO Spieler VALUES (75,2,6,'Christoph Kramer','Deutschland',7,1,0);
INSERT INTO Spieler VALUES (76,2,22,'Laszlo Benes','Slowakei',1,0,0);
INSERT INTO Spieler VALUES (77,2,26,'Torben Musel','Deutschland',0,0,0);
INSERT INTO Spieler VALUES (78,2,0,'Jonas Pfalz','Deutschland',0,0,0);
INSERT INTO Spieler VALUES (79,2,10,'Thorgan Hazard','Belgien',20,12,7);
INSERT INTO Spieler VALUES (80,2,14,'Alassane Plea','Frankreich',19,13,3);
INSERT INTO Spieler VALUES (81,2,13,'Lars Stindl','Deutschland',11,2,0);
INSERT INTO Spieler VALUES (82,2,11,'Raffael','Brasilien',8,4,1);
INSERT INTO Spieler VALUES (83,2,37,'Keanan Bennetts','England',0,0,0);
INSERT INTO Spieler VALUES (84,2,18,'Josip Drmic','Schweiz',0,0,0);
INSERT INTO Spieler VALUES (85,2,20,'Julio Villalba','Paraguay',0,0,0);
INSERT INTO Spieler VALUES (86,4,1,'Peter Gulacsi','Ungarn',21,0,0);
INSERT INTO Spieler VALUES (87,4,28,'Yvon Mvogo','Schweiz',10,0,0);
INSERT INTO Spieler VALUES (88,4,21,'Marius Müller','Deutschland',1,0,0);
INSERT INTO Spieler VALUES (89,4,32,'Julian Krahl','Deutschland',0,0,0);
INSERT INTO Spieler VALUES (90,4,6,'Ibrahima Konate','Frankreich',25,2,0);
INSERT INTO Spieler VALUES (91,4,16,'Lukas Klostermann','Deutschland',23,2,1);
INSERT INTO Spieler VALUES (92,4,4,'Willi Orban','Deutschland',21,1,1);
INSERT INTO Spieler VALUES (93,4,5,'Dayot Upamecano','Frankreich',20,0,0);
INSERT INTO Spieler VALUES (94,4,3,'Marcelo Saracchi','Uruguay',19,0,0);
INSERT INTO Spieler VALUES (95,4,23,'Marcel Halstenberg','Deutschland',18,0,5);
INSERT INTO Spieler VALUES (96,4,22,'Nordi Mukiele','Frankreich',18,0,0);
INSERT INTO Spieler VALUES (97,4,5,'Atinc Nukan','Türkei',0,0,0);
INSERT INTO Spieler VALUES (98,4,31,'Diego Demme','Deutschland',28,0,2);
INSERT INTO Spieler VALUES (99,4,44,'Kevin Kampl','Slowenien',27,2,7);
INSERT INTO Spieler VALUES (100,4,13,'Stefan Ilsanker','Österreich',26,0,0);
INSERT INTO Spieler VALUES (101,4,7,'Marcel Sabitzer','Österreich',25,3,3);
INSERT INTO Spieler VALUES (102,4,27,'Konrad Laimer','Österreich',24,1,1);
INSERT INTO Spieler VALUES (103,4,40,'Erik Majetschak','Deutschland',2,0,0);
INSERT INTO Spieler VALUES (104,4,26,'Niclas Stierlin','Deutschland',2,0,0);
INSERT INTO Spieler VALUES (105,4,40,'Elias Abouchabaka','Deutschland',0,0,0);
INSERT INTO Spieler VALUES (106,4,53,'Tom Krauss','Deutschland',0,0,0);
INSERT INTO Spieler VALUES (107,4,34,'Noad Mekonnen','Deutschland',0,0,0);
INSERT INTO Spieler VALUES (108,4,43,'Max Winter','Deutschland',0,0,0);
INSERT INTO Spieler VALUES (109,4,9,'Yussuf Poulsen','Dänemark',28,11,5);
INSERT INTO Spieler VALUES (110,4,29,'Jean-Kevin Augustin','Frankreich',25,8,1);
INSERT INTO Spieler VALUES (111,4,20,'Matheus Cunha','Brasilien',24,7,0);
INSERT INTO Spieler VALUES (112,4,11,'Timo Werner','Deutschland',22,13,3);
INSERT INTO Spieler VALUES (113,4,17,'Bruma','Portugal',22,3,3);
INSERT INTO Spieler VALUES (114,4,10,'Emil Forsberg','Schweden',12,3,2);
INSERT INTO Spieler VALUES (115,4,0,'Emre Aslan','Türkei',0,0,0);
INSERT INTO Spieler VALUES (116,4,42,'Noah Jean Holm','Norwegen',0,0,0);
INSERT INTO Spieler VALUES (117,3,31,'Kevin Trapp','Deutschland',21,0,0);
INSERT INTO Spieler VALUES (118,3,1,'Frederik Ronnow','Dänemark',5,0,0);
INSERT INTO Spieler VALUES (119,3,41,'Tobias Stirl','Deutschland',0,0,0);
INSERT INTO Spieler VALUES (120,3,29,'Felix Wiedwald','Deutschland',0,0,0);
INSERT INTO Spieler VALUES (121,3,37,'Jan Zimmermann','Deutschland',0,0,0);
INSERT INTO Spieler VALUES (122,3,24,'Danny Da Costa','Deutschland',25,3,3);
INSERT INTO Spieler VALUES (123,3,2,'Evan Dicka','Frankreich',22,1,1);
INSERT INTO Spieler VALUES (124,3,15,'Jetro Willems','Niederlande',19,0,2);
INSERT INTO Spieler VALUES (125,3,19,'David Abraham','Argentinien',14,0,0);
INSERT INTO Spieler VALUES (126,3,3,'Simon Falette','Frankreich',8,0,1);
INSERT INTO Spieler VALUES (127,3,23,'Marco Russ','Deutschland',8,0,0);
INSERT INTO Spieler VALUES (128,3,13,'Carlos Salcedo','Mexiko',7,0,0);
INSERT INTO Spieler VALUES (129,3,33,'Taleb Tawatha','Israel',6,0,1);
INSERT INTO Spieler VALUES (130,3,26,'Deji Beyreuther','Deutschland',0,0,0);
INSERT INTO Spieler VALUES (131,3,22,'Timothy Chandler','Vereinigte Staaten',0,0,0);
INSERT INTO Spieler VALUES (132,3,25,'Patrice Kabuya','Deutschland',0,0,0);
INSERT INTO Spieler VALUES (133,3,35,'Noel Knothe','Deutschland',0,0,0);
INSERT INTO Spieler VALUES (134,3,6,'Jonathan de Guzman','Niederlande',23,2,6);
INSERT INTO Spieler VALUES (135,3,11,'Mijat Gacinovic','Serbien',23,2,3);
INSERT INTO Spieler VALUES (136,3,5,'Gelson Fernandes','Schweiz',20,1,0);
INSERT INTO Spieler VALUES (137,3,20,'Makoto Hasebe','Japan',19,0,0);
INSERT INTO Spieler VALUES (138,3,27,'Nicolai Müller','Deutschland',12,2,0);
INSERT INTO Spieler VALUES (139,3,21,'Marc Stendera','Deutschland',9,0,0);
INSERT INTO Spieler VALUES (140,3,16,'Lucas Torro','Spanien',8,1,0);
INSERT INTO Spieler VALUES (141,3,28,'Allan Rodrigues De Souza','Brasilien',4,0,0);
INSERT INTO Spieler VALUES (142,3,18,'Max Besuschkow','Deutschland',0,0,0);
INSERT INTO Spieler VALUES (143,3,18,'Chico Geraldes','Portugal',0,0,0);
INSERT INTO Spieler VALUES (144,3,9,'Sebastian Haller','Frankreich',25,13,11);
INSERT INTO Spieler VALUES (145,3,8,'Luka Jovic','Serbien',23,18,3);
INSERT INTO Spieler VALUES (146,3,10,'Filip Kostic','Serbien',22,3,5);
INSERT INTO Spieler VALUES (147,3,4,'Ante Rebic','Kroatien',17,6,3);
INSERT INTO Spieler VALUES (148,3,39,'Goncalo Paciencia','Portugal',1,1,0);
INSERT INTO Spieler VALUES (149,3,7,'Marco Fabian','Mexiko',1,0,0);
INSERT INTO Spieler VALUES (150,3,31,'Branimir Hrgota','Schweden',1,0,0);
INSERT INTO Spieler VALUES (151,3,32,'Nelson Mandela Mbouhom','Kamerun',0,0,0);
INSERT INTO Spieler VALUES (152,9,1,'Koen Casteels','Belgien',19,0,0);
INSERT INTO Spieler VALUES (153,9,12,'Pavao Pervan','Österreich',1,0,0);
INSERT INTO Spieler VALUES (154,9,36,'Phillip Menzel','Deutschland',0,0,0);
INSERT INTO Spieler VALUES (155,9,25,'John Brooks','Vereinigte Staaten',19,1,1);
INSERT INTO Spieler VALUES (156,9,2,'William','Brasilien',19,1,1);
INSERT INTO Spieler VALUES (157,9,15,'Jerome Roussillon','Frankreich',18,1,1);
INSERT INTO Spieler VALUES (158,9,31,'Robin Knoche','Deutschland',17,0,0);
INSERT INTO Spieler VALUES (159,9,17,'Felix Ohis Uduokhai','Deutschland',8,0,0);
INSERT INTO Spieler VALUES (160,9,32,'Marcel Tisserand','Unbekannt',5,0,0);
INSERT INTO Spieler VALUES (161,9,35,'Gian-Luca Itter','Deutschland',2,0,0);
INSERT INTO Spieler VALUES (162,9,3,'Paul Verhaegh','Niederlande',1,0,0);
INSERT INTO Spieler VALUES (163,9,5,'Jeffrey Bruma','Niederlande',0,0,0);
INSERT INTO Spieler VALUES (164,9,27,'Maximilian Arnold','Deutschland',20,0,3);
INSERT INTO Spieler VALUES (165,9,8,'Renato Steffen','Schweiz',19,2,1);
INSERT INTO Spieler VALUES (166,9,13,'Yannick Gerhardt','Deutschland',18,1,1);
INSERT INTO Spieler VALUES (167,9,37,'Elvis Rexhbecaj','Albanien',13,1,1);
INSERT INTO Spieler VALUES (168,9,10,'Yunus Malli','Türkei',12,1,1);
INSERT INTO Spieler VALUES (169,9,23,'Josuha Guilavogui','Frankreich',7,2,0);
INSERT INTO Spieler VALUES (170,9,4,'Ignacio Camacho','Spanien',6,0,0);
INSERT INTO Spieler VALUES (171,9,16,'Jakub Blaszczykowski','Polen',2,0,0);
INSERT INTO Spieler VALUES (172,9,38,'Ismail Azzaoui','Belgien',0,0,0);
INSERT INTO Spieler VALUES (173,9,30,'Paul Seguin','Deutschland',0,0,0);
INSERT INTO Spieler VALUES (174,9,9,'Wout Weghorst','Niederlande',19,7,1);
INSERT INTO Spieler VALUES (175,9,33,'Daniel Ginczek','Deutschland',19,6,2);
INSERT INTO Spieler VALUES (176,9,21,'Josip Brekalo','Kroatien',16,2,2);
INSERT INTO Spieler VALUES (177,9,14,'Admir Mehmedi','Schweiz',14,4,3);
INSERT INTO Spieler VALUES (178,9,11,'Felix Klaus','Deutschland',1,0,0);
INSERT INTO Spieler VALUES (179,9,7,'Paul-Georges Ntep','Frankreich',0,0,0);
INSERT INTO Spieler VALUES (180,9,34,'Marvin Stefaniak','Deutschland',0,0,0);
INSERT INTO Spieler VALUES (181,8,22,'Rune Jarstein','Norwegen',18,0,0);
INSERT INTO Spieler VALUES (182,8,1,'Thomas Kraft','Deutschland',3,0,0);
INSERT INTO Spieler VALUES (183,8,35,'Marius Gersbeck','Deutschland',0,0,0);
INSERT INTO Spieler VALUES (184,8,33,'Jonathan Klinsmann','Vereinigte Staaten',0,0,0);
INSERT INTO Spieler VALUES (185,8,12,'Dennis Smarsch','Deutschland',0,0,0);
INSERT INTO Spieler VALUES (186,8,21,'Marvin Plattenhardt','Deutschland',16,1,2);
INSERT INTO Spieler VALUES (187,8,28,'Fabian Lustenberger','Schweiz',15,0,1);
INSERT INTO Spieler VALUES (188,8,17,'Maximilian Mittelstädt','Deutschland',13,2,1);
INSERT INTO Spieler VALUES (189,8,5,'Niklas Stark','Deutschland',13,0,0);
INSERT INTO Spieler VALUES (190,8,4,'Karim Rekik','Niederlande',11,0,0);
INSERT INTO Spieler VALUES (191,8,25,'Jordan Torunarigha','Deutschland',10,2,1);
INSERT INTO Spieler VALUES (192,8,31,'Derrick Luckassen','Niederlande',4,0,0);
INSERT INTO Spieler VALUES (193,8,2,'Peter Pekarik','Slowakei',2,0,0);
INSERT INTO Spieler VALUES (194,8,13,'Lukas Klünter','Deutschland',1,0,0);
INSERT INTO Spieler VALUES (195,8,29,'Florian Baak','Deutschland',0,0,0);
INSERT INTO Spieler VALUES (196,8,20,'Valentino Lazaro','Österreich',20,2,3);
INSERT INTO Spieler VALUES (197,8,10,'Ondrej Duda','Slowakei',19,9,0);
INSERT INTO Spieler VALUES (198,8,23,'Arne Maier','Deutschland',19,0,0);
INSERT INTO Spieler VALUES (199,8,8,'Salomon Kalou','Elfenbeinküste',16,2,1);
INSERT INTO Spieler VALUES (200,8,16,'Javairo Dilrosun','Niederlande',11,2,3);
INSERT INTO Spieler VALUES (201,8,15,'Marko Grujic','Serbien',8,1,0);
INSERT INTO Spieler VALUES (202,8,6,'Vladimir Darida','Tschechien',7,0,1);
INSERT INTO Spieler VALUES (203,8,3,'Per Ciljan Skjelbred','Norwegen',7,0,1);
INSERT INTO Spieler VALUES (204,8,32,'Dennis Jastrzembski','Deutschland',4,0,1);
INSERT INTO Spieler VALUES (205,8,34,'Maurice Covic','Deutschland',0,0,0);
INSERT INTO Spieler VALUES (206,8,7,'Alexander Esswein','Deutschland',0,0,0);
INSERT INTO Spieler VALUES (207,8,26,'Sidney Friede','Deutschland',0,0,0);
INSERT INTO Spieler VALUES (208,8,30,'Julius Kade','Deutschland',0,0,0);
INSERT INTO Spieler VALUES (209,8,18,'Sinan Kurt','Deutschland',0,0,0);
INSERT INTO Spieler VALUES (210,8,19,'Vedad Ibisevic','Unbekannt',20,9,2);
INSERT INTO Spieler VALUES (211,8,27,'Davie Selke','Deutschland',17,1,4);
INSERT INTO Spieler VALUES (212,8,11,'Mathew Leckie','Australien',11,2,0);
INSERT INTO Spieler VALUES (213,8,24,'Palko Dardai','Deutschland',6,0,0);
INSERT INTO Spieler VALUES (214,8,14,'Pascal Köpke','Deutschland',5,0,0);
INSERT INTO Spieler VALUES (215,8,36,'Muhamed Kiprit','Deutschland',0,0,0);
INSERT INTO Spieler VALUES (216,6,1,'Oliver Baumann','Deutschland',23,0,1);
INSERT INTO Spieler VALUES (217,6,36,'Gregor Kobel','Schweiz',3,0,0);
INSERT INTO Spieler VALUES (218,6,33,'Alexander Stolz','Deutschland',0,0,0);
INSERT INTO Spieler VALUES (219,6,3,'Pavel Kaderabek','Tschechien',23,3,5);
INSERT INTO Spieler VALUES (220,6,4,'Ermin Bicakcic','Unbekannt',18,1,2);
INSERT INTO Spieler VALUES (221,6,6,'Haavard Nordtveit','Norwegen',11,1,0);
INSERT INTO Spieler VALUES (222,6,38,'Stefan Posch','Österreich',11,0,0);
INSERT INTO Spieler VALUES (223,6,2,'Joshua Brenet','Niederlande',10,3,1);
INSERT INTO Spieler VALUES (224,6,25,'Kevin Akpoguma','Deutschland',10,0,0);
INSERT INTO Spieler VALUES (225,6,15,'Kasim Nuhu','Ghana',10,0,0);
INSERT INTO Spieler VALUES (226,6,21,'Benjamin Hübner','Deutschland',5,0,0);
INSERT INTO Spieler VALUES (227,6,24,'Justin Hoogma','Niederlande',4,0,0);
INSERT INTO Spieler VALUES (228,6,41,'Alfons Amade','Deutschland',0,0,0);
INSERT INTO Spieler VALUES (229,6,16,'Nico Schulz','Deutschland',23,2,4);
INSERT INTO Spieler VALUES (230,6,11,'Florian Grillitsch','Österreich',21,1,0);
INSERT INTO Spieler VALUES (231,6,22,'Kevin Vogt','Deutschland',21,0,0);
INSERT INTO Spieler VALUES (232,6,10,'Kerem Demirbay','Deutschland',18,2,4);
INSERT INTO Spieler VALUES (233,6,13,'Leonardo Bittencourt','Deutschland',18,1,4);
INSERT INTO Spieler VALUES (234,6,17,'Steven Zuber','Schweiz',13,1,1);
INSERT INTO Spieler VALUES (235,6,32,'Vincenzo Grifo','Deutschland',10,1,2);
INSERT INTO Spieler VALUES (236,6,8,'Dennis Geiger','Deutschland',2,0,0);
INSERT INTO Spieler VALUES (237,6,18,'Nadiem Amiri','Deutschland',1,0,0);
INSERT INTO Spieler VALUES (238,6,37,'Robin Hack','Deutschland',1,0,0);
INSERT INTO Spieler VALUES (239,6,7,'Lukas Rupp','Deutschland',0,0,0);
INSERT INTO Spieler VALUES (240,6,40,'Joelinton','Brasilien',24,8,6);
INSERT INTO Spieler VALUES (241,6,28,'Adam Szalai','Ungarn',23,4,1);
INSERT INTO Spieler VALUES (242,6,27,'Andrej Kramaric','Kroatien',21,11,2);
INSERT INTO Spieler VALUES (243,6,19,'Ishak Belfodil','Algerien',20,5,1);
INSERT INTO Spieler VALUES (244,6,9,'Reiss Nelson','England',19,6,0);
INSERT INTO Spieler VALUES (245,6,26,'David Otto','Deutschland',0,0,0);
INSERT INTO Spieler VALUES (246,6,23,'Felipe Pires','Brasilien',0,0,0);
INSERT INTO Spieler VALUES (247,7,1,'Jiri Pavlenka','Tschechien',20,0,0);
INSERT INTO Spieler VALUES (248,7,40,'Luca Plogmann','Deutschland',1,0,0);
INSERT INTO Spieler VALUES (249,7,33,'Jaroslav Drobny','Tschechien',0,0,0);
INSERT INTO Spieler VALUES (250,7,27,'Stefanos Kapino','Griechenland',0,0,0);
INSERT INTO Spieler VALUES (251,7,16,'Michael Zetterer','Deutschland',0,0,0);
INSERT INTO Spieler VALUES (252,7,23,'Theodor Gebre Selassie','Tschechien',20,2,3);
INSERT INTO Spieler VALUES (253,7,5,'Ludwig Augustinsson','Schweden',20,1,4);
INSERT INTO Spieler VALUES (254,7,18,'Niklas Moisander','Finnland',16,0,0);
INSERT INTO Spieler VALUES (255,7,13,'Milos Veljkovic','Serbien',15,1,0);
INSERT INTO Spieler VALUES (256,7,15,'Sebastian Langkamp','Deutschland',9,0,0);
INSERT INTO Spieler VALUES (257,7,32,'Marco Friedl','Österreich',4,0,0);
INSERT INTO Spieler VALUES (258,7,2,'Felix Beijmo','Schweden',0,0,0);
INSERT INTO Spieler VALUES (259,7,39,'Jan-Niklas Beste','Deutschland',0,0,0);
INSERT INTO Spieler VALUES (260,7,3,'Luca Caldirola','Italien',0,0,0);
INSERT INTO Spieler VALUES (261,7,21,'Julian Rieckmann','Deutschland',0,0,0);
INSERT INTO Spieler VALUES (262,7,35,'Maximilian Eggestein','Deutschland',20,5,2);
INSERT INTO Spieler VALUES (263,7,30,'Davy Klaassen','Niederlande',20,3,2);
INSERT INTO Spieler VALUES (264,7,17,'Nuri Sahin','Türkei',11,1,1);
INSERT INTO Spieler VALUES (265,7,44,'Philipp Bargfrede','Deutschland',11,1,0);
INSERT INTO Spieler VALUES (266,7,6,'Kevin Möhwald','Deutschland',11,1,0);
INSERT INTO Spieler VALUES (267,7,7,'Florian Kainz','Österreich',10,2,3);
INSERT INTO Spieler VALUES (268,7,14,'Ole Käuper','Deutschland',1,0,0);
INSERT INTO Spieler VALUES (269,7,36,'Thore Jacobsen','Deutschland',0,0,0);
INSERT INTO Spieler VALUES (270,7,34,'Jean-Manuel Mbom','Deutschland',0,0,0);
INSERT INTO Spieler VALUES (271,7,25,'Thanos Petsos','Griechenland',0,0,0);
INSERT INTO Spieler VALUES (272,7,0,'David Lennart Philipp','Deutschland',0,0,0);
INSERT INTO Spieler VALUES (273,7,10,'Max Kruse','Deutschland',19,5,5);
INSERT INTO Spieler VALUES (274,7,4,'Claudio Pizarro','Peru',16,3,2);
INSERT INTO Spieler VALUES (275,7,8,'Yuya Osako','Japan',15,4,1);
INSERT INTO Spieler VALUES (276,7,24,'Johannes Eggestein','Deutschland',13,2,1);
INSERT INTO Spieler VALUES (277,7,9,'Martin Harnik','Österreich',12,4,0);
INSERT INTO Spieler VALUES (278,7,11,'Milot Rashica','',12,2,1);
INSERT INTO Spieler VALUES (279,7,19,'Josh Sargent','Vereinigte Staaten',4,2,0);
INSERT INTO Spieler VALUES (280,7,22,'Fin Bartels','Deutschland',0,0,0);
INSERT INTO Spieler VALUES (281,7,20,'Aron Johannsson','Vereinigte Staaten',0,0,0);
INSERT INTO Spieler VALUES (282,12,1,'Lucas Hradecky','Finnland',21,0,0);
INSERT INTO Spieler VALUES (283,12,28,'Ramazan Özcan','Österreich',4,0,0);
INSERT INTO Spieler VALUES (284,12,24,'Thorsten Kirschbaum','Deutschland',1,0,0);
INSERT INTO Spieler VALUES (285,12,40,'Tomasz Kucz','Polen',0,0,0);
INSERT INTO Spieler VALUES (286,12,18,'Wendell','Brasilien',23,1,1);
INSERT INTO Spieler VALUES (287,12,23,'Mitchell Weiser','Deutschland',22,2,2);
INSERT INTO Spieler VALUES (288,12,4,'Jonathan Tah','Deutschland',20,1,0);
INSERT INTO Spieler VALUES (289,12,6,'Aleksandar Dragovic','Österreich',18,2,1);
INSERT INTO Spieler VALUES (290,12,16,'Tin Jedvaj','Kroatien',15,2,0);
INSERT INTO Spieler VALUES (291,12,3,'Takis Retsos','Griechenland',1,0,0);
INSERT INTO Spieler VALUES (292,12,29,'Kai Havertz','Deutschland',24,9,6);
INSERT INTO Spieler VALUES (293,12,10,'Julian Brandt','Deutschland',23,3,5);
INSERT INTO Spieler VALUES (294,12,8,'Lars Bender','Deutschland',20,1,2);
INSERT INTO Spieler VALUES (295,12,21,'Dominik Kohr','Deutschland',19,2,2);
INSERT INTO Spieler VALUES (296,12,5,'Sven Bender','Deutschland',18,0,0);
INSERT INTO Spieler VALUES (297,12,38,'Karim Bellarabi','Deutschland',15,8,2);
INSERT INTO Spieler VALUES (298,12,20,'Charles Aranguiz','Chile',10,0,2);
INSERT INTO Spieler VALUES (299,12,15,'Julian Baumgartlinger','Österreich',9,0,0);
INSERT INTO Spieler VALUES (300,12,30,'Sam Schreck','Deutschland',2,0,0);
INSERT INTO Spieler VALUES (301,12,31,'Kevin Volland','Deutschland',24,7,6);
INSERT INTO Spieler VALUES (302,12,9,'Leon Bailey','Jamaika',24,1,3);
INSERT INTO Spieler VALUES (303,12,13,'Lucas Alario','Argentinien',20,6,2);
INSERT INTO Spieler VALUES (304,12,7,'Paulinho','Brasilien',13,1,0);
INSERT INTO Spieler VALUES (305,12,11,'Isaac Thelin','Schweden',13,1,0);
INSERT INTO Spieler VALUES (306,12,32,'Jakub Bednarczyk','Polen',1,0,0);
INSERT INTO Spieler VALUES (307,12,17,'Joel Pohjanpalo','Finnland',0,0,0);
INSERT INTO Spieler VALUES (308,10,22,'Florian Müller','Deutschland',10,0,0);
INSERT INTO Spieler VALUES (309,10,27,'Robin Zentner','Deutschland',10,0,0);
INSERT INTO Spieler VALUES (310,10,1,'Rene Adler','Deutschland',0,0,0);
INSERT INTO Spieler VALUES (311,10,37,'Finn Dahmen','Deutschland',0,0,0);
INSERT INTO Spieler VALUES (312,10,33,'Jannik Huth','Deutschland',0,0,0);
INSERT INTO Spieler VALUES (313,10,16,'Stefan Bell','Deutschland',19,0,0);
INSERT INTO Spieler VALUES (314,10,19,'Moussa Niakhate','Frankreich',19,0,0);
INSERT INTO Spieler VALUES (315,10,18,'Daniel Brosinski','Deutschland',18,1,4);
INSERT INTO Spieler VALUES (316,10,3,'Aaron Caricol','Spanien',18,0,2);
INSERT INTO Spieler VALUES (317,10,23,'Philipp Mwene','Österreich',7,1,0);
INSERT INTO Spieler VALUES (318,10,42,'Alexander Hack','Deutschland',5,1,1);
INSERT INTO Spieler VALUES (319,10,26,'Niko Bungert','Deutschland',3,0,0);
INSERT INTO Spieler VALUES (320,10,24,'Gaetan Bussmann','Frankreich',2,0,0);
INSERT INTO Spieler VALUES (321,10,2,'Giulio Donati','Italien',1,0,0);
INSERT INTO Spieler VALUES (322,10,31,'Ahmet Gurleyen','Deutschland',1,0,0);
INSERT INTO Spieler VALUES (323,10,25,'Jean-Philippe Gbamin','Elfenbeinküste',18,2,0);
INSERT INTO Spieler VALUES (324,10,14,'Pierre Kunde','Kamerun',18,0,0);
INSERT INTO Spieler VALUES (325,10,10,'Alexandru Maxim','Rumänien',15,3,1);
INSERT INTO Spieler VALUES (326,10,34,'Bote Baku','Deutschland',11,0,0);
INSERT INTO Spieler VALUES (327,10,6,'Danny Latza','Deutschland',10,0,0);
INSERT INTO Spieler VALUES (328,10,8,'Levin Öztunali','Deutschland',8,0,1);
INSERT INTO Spieler VALUES (329,10,38,'Gerrit Holtmann','Deutschland',3,0,0);
INSERT INTO Spieler VALUES (330,10,0,'Ridle Baku','Deutschland',0,0,0);
INSERT INTO Spieler VALUES (331,10,35,'Leandro Barreiro','Luxemburg',0,0,0);
INSERT INTO Spieler VALUES (332,10,9,'Jean Philippe Mateta','Frankreich',20,6,1);
INSERT INTO Spieler VALUES (333,10,7,'Robin Quaison','Schweden',19,6,3);
INSERT INTO Spieler VALUES (334,10,5,'Jean-Paul Boetius','Niederlande',16,2,2);
INSERT INTO Spieler VALUES (335,10,21,'Karim Onisiwo','Österreich',13,2,0);
INSERT INTO Spieler VALUES (336,10,20,'Anthony Ujah','Nigeria',13,2,0);
INSERT INTO Spieler VALUES (337,10,29,'Jonathan Michael Burkardt','Deutschland',4,0,0);
INSERT INTO Spieler VALUES (338,10,28,'Issah Abass','Ghana',1,0,0);
INSERT INTO Spieler VALUES (339,10,11,'Emil Berggreen','Dänemark',0,0,0);
INSERT INTO Spieler VALUES (340,14,1,'Ralf Fährmann','Deutschland',19,0,0);
INSERT INTO Spieler VALUES (341,14,35,'Alexander Nübel','Deutschland',7,0,0);
INSERT INTO Spieler VALUES (342,14,34,'Michael Langer','Österreich',0,0,0);
INSERT INTO Spieler VALUES (343,14,5,'Matija Nastasic','Serbien',21,0,0);
INSERT INTO Spieler VALUES (344,14,3,'Hamza Mendyl','Marokko',13,0,0);
INSERT INTO Spieler VALUES (345,14,29,'Naldo','Brasilien',13,0,0);
INSERT INTO Spieler VALUES (346,14,24,'Bastian Oczipka','Deutschland',7,1,1);
INSERT INTO Spieler VALUES (347,14,14,'Rahman Baba','Ghana',4,0,0);
INSERT INTO Spieler VALUES (348,14,21,'Sascha Riether','Deutschland',0,0,0);
INSERT INTO Spieler VALUES (349,14,18,'Daniel Caligiuri','Italien',25,4,2);
INSERT INTO Spieler VALUES (350,14,26,'Salif Sane','Senegal',24,0,0);
INSERT INTO Spieler VALUES (351,14,10,'Nabil Bentaleb','Algerien',23,6,0);
INSERT INTO Spieler VALUES (352,14,2,'Weston McKennie','Vereinigte Staaten',20,2,3);
INSERT INTO Spieler VALUES (353,14,28,'Alessandro Schöpf','Österreich',20,2,0);
INSERT INTO Spieler VALUES (354,14,8,'Suat Serdar','Deutschland',20,0,1);
INSERT INTO Spieler VALUES (355,14,25,'Amine Harit','Marokko',18,1,1);
INSERT INTO Spieler VALUES (356,14,11,'Yevhen Konoplyanka','Ukraine',14,0,2);
INSERT INTO Spieler VALUES (357,14,13,'Sebastian Rudy','Deutschland',14,0,0);
INSERT INTO Spieler VALUES (358,14,17,'Benjamin Stambouli','Frankreich',13,0,0);
INSERT INTO Spieler VALUES (359,14,6,'Omar Mascarell','Äquatorialguinea',7,0,1);
INSERT INTO Spieler VALUES (360,14,39,'Benjamin Goller','Deutschland',1,0,0);
INSERT INTO Spieler VALUES (361,14,16,'Johannes Geis','Deutschland',0,0,0);
INSERT INTO Spieler VALUES (362,14,19,'Guido Burgstaller','Österreich',20,3,1);
INSERT INTO Spieler VALUES (363,14,7,'Mark Uth','Deutschland',18,2,1);
INSERT INTO Spieler VALUES (364,14,36,'Breel Embolo','Schweiz',15,3,0);
INSERT INTO Spieler VALUES (365,14,22,'Steven Skrzybski','Deutschland',8,3,1);
INSERT INTO Spieler VALUES (366,14,23,'Cedric Teuchert','Deutschland',6,0,0);
INSERT INTO Spieler VALUES (367,14,9,'Franco Di Santo','Argentinien',5,0,0);
INSERT INTO Spieler VALUES (368,11,1,'Alexander Schwolow','Deutschland',20,0,0);
INSERT INTO Spieler VALUES (369,11,26,'Mark Flekken','Niederlande',0,0,0);
INSERT INTO Spieler VALUES (370,11,37,'Constantin Frommann','Deutschland',0,0,0);
INSERT INTO Spieler VALUES (371,11,23,'Dominique Heintz','Deutschland',20,1,1);
INSERT INTO Spieler VALUES (372,11,5,'Manuel Gulde','Deutschland',19,1,0);
INSERT INTO Spieler VALUES (373,11,30,'Christian Günter','Deutschland',19,0,2);
INSERT INTO Spieler VALUES (374,11,15,'Pascal Stenzel','Deutschland',12,0,1);
INSERT INTO Spieler VALUES (375,11,17,'Lukas Kübler','Deutschland',10,0,2);
INSERT INTO Spieler VALUES (376,11,3,'Philipp Lienhart','Österreich',10,0,0);
INSERT INTO Spieler VALUES (377,11,36,'Chima Okoroji','England',1,0,0);
INSERT INTO Spieler VALUES (378,11,31,'Keven Schlotterbeck','Deutschland',0,0,0);
INSERT INTO Spieler VALUES (379,11,8,'Mike Frantz','Deutschland',18,3,1);
INSERT INTO Spieler VALUES (380,11,20,'Jerome Gondorf','Deutschland',14,2,1);
INSERT INTO Spieler VALUES (381,11,19,'Janik Haberer','Deutschland',14,0,1);
INSERT INTO Spieler VALUES (382,11,27,'Nicolas Höfler','Deutschland',13,0,0);
INSERT INTO Spieler VALUES (383,11,22,'Roland Sallai','Ungarn',7,2,0);
INSERT INTO Spieler VALUES (384,11,14,'Patrick Kammerbauer','Deutschland',1,0,0);
INSERT INTO Spieler VALUES (385,11,6,'Amir Abrashi','Albanien',0,0,0);
INSERT INTO Spieler VALUES (386,11,21,'Brandon Borrello','Australien',0,0,0);
INSERT INTO Spieler VALUES (387,11,38,'Florian Kath','Deutschland',0,0,0);
INSERT INTO Spieler VALUES (388,11,33,'Caleb Stanko','Vereinigte Staaten',0,0,0);
INSERT INTO Spieler VALUES (389,11,11,'Luca Waldschmidt','Deutschland',19,5,1);
INSERT INTO Spieler VALUES (390,11,18,'Nils Petersen','Deutschland',16,6,0);
INSERT INTO Spieler VALUES (391,11,9,'Lucas Höler','Deutschland',15,2,0);
INSERT INTO Spieler VALUES (392,11,7,'Florian Niederlechner','Deutschland',12,1,0);
INSERT INTO Spieler VALUES (393,11,13,'Marco Terrazzino','Deutschland',11,0,0);
INSERT INTO Spieler VALUES (394,11,34,'Tim Kleindienst','Deutschland',6,0,1);
INSERT INTO Spieler VALUES (395,11,16,'Yoric Ravet','Frankreich',4,0,0);
INSERT INTO Spieler VALUES (396,17,1,'Michael Rensing','Deutschland',19,0,1);
INSERT INTO Spieler VALUES (397,17,30,'Raphael Wolf','Deutschland',1,0,0);
INSERT INTO Spieler VALUES (398,17,38,'Tim Wiesner','Deutschland',0,0,0);
INSERT INTO Spieler VALUES (399,17,25,'Matthias Zimmermann','Deutschland',19,1,3);
INSERT INTO Spieler VALUES (400,17,23,'Niko Gießelmann','Deutschland',19,0,4);
INSERT INTO Spieler VALUES (401,17,39,'Jean Zimmer','Deutschland',18,1,3);
INSERT INTO Spieler VALUES (402,17,5,'Kaan Ayhan','Türkei',16,2,0);
INSERT INTO Spieler VALUES (403,17,35,'Marcin Kaminski','Polen',15,0,1);
INSERT INTO Spieler VALUES (404,17,13,'Adam Bodzek','Deutschland',13,0,0);
INSERT INTO Spieler VALUES (405,17,32,'Robin Bormuth','Deutschland',8,0,0);
INSERT INTO Spieler VALUES (406,17,3,'Andre Hoffmann','Deutschland',3,0,0);
INSERT INTO Spieler VALUES (407,17,26,'Diego Contento','Deutschland',1,0,0);
INSERT INTO Spieler VALUES (408,17,18,'Gökhan Gül','Deutschland',0,0,0);
INSERT INTO Spieler VALUES (409,17,24,'Georgios Siadas','Griechenland',0,0,0);
INSERT INTO Spieler VALUES (410,17,22,'Kevin Stöger','Österreich',14,1,4);
INSERT INTO Spieler VALUES (411,17,33,'Takashi Usami','Japan',14,1,3);
INSERT INTO Spieler VALUES (412,17,6,'Alfredo Morales','Vereinigte Staaten',14,1,1);
INSERT INTO Spieler VALUES (413,17,11,'Kenan Karaman','Türkei',11,0,1);
INSERT INTO Spieler VALUES (414,17,31,'Marcel Sobottka','Deutschland',10,0,0);
INSERT INTO Spieler VALUES (415,17,7,'Oliver Fink','Deutschland',7,1,0);
INSERT INTO Spieler VALUES (416,17,8,'Aymen Barkok','Deutschland',3,0,0);
INSERT INTO Spieler VALUES (417,17,19,'Davor Lovren','Kroatien',2,0,0);
INSERT INTO Spieler VALUES (418,17,27,'Taylan Duman','Deutschland',0,0,0);
INSERT INTO Spieler VALUES (419,17,40,'Kianz Froese','Kanada',0,0,0);
INSERT INTO Spieler VALUES (420,17,28,'Rouwen Hennings','Deutschland',19,3,3);
INSERT INTO Spieler VALUES (421,17,20,'Dodi Lukebakio','Unbekannt',18,11,2);
INSERT INTO Spieler VALUES (422,17,9,'Benito Raman','Belgien',17,5,1);
INSERT INTO Spieler VALUES (423,17,10,'Marvin Ducksch','Deutschland',13,4,1);
INSERT INTO Spieler VALUES (424,17,16,'Havard Nielsen','Norwegen',1,0,0);
INSERT INTO Spieler VALUES (425,17,21,'Emir Kujovic','Schweden',0,0,0);
INSERT INTO Spieler VALUES (426,13,1,'Andreas Luthe','Deutschland',15,0,0);
INSERT INTO Spieler VALUES (427,13,13,'Fabian Giefer','Deutschland',4,0,0);
INSERT INTO Spieler VALUES (428,13,31,'Philipp Max','Deutschland',19,2,4);
INSERT INTO Spieler VALUES (429,13,36,'Martin Hinteregger','Österreich',19,2,0);
INSERT INTO Spieler VALUES (430,13,6,'Jeffrey Gouweleeuw','Niederlande',18,0,2);
INSERT INTO Spieler VALUES (431,13,32,'Raphael Framberger','Deutschland',8,0,0);
INSERT INTO Spieler VALUES (432,13,4,'Felix Gotze','Deutschland',7,1,0);
INSERT INTO Spieler VALUES (433,13,38,'Kevin Danso','Österreich',7,0,0);
INSERT INTO Spieler VALUES (434,13,18,'Jan-Ingwer Callsen-Bracker','Deutschland',1,0,0);
INSERT INTO Spieler VALUES (435,13,26,'Simon Asta','Deutschland',0,0,0);
INSERT INTO Spieler VALUES (436,13,25,'Kilian Jakob','Deutschland',0,0,0);
INSERT INTO Spieler VALUES (437,13,16,'Christoph Janker','Deutschland',0,0,0);
INSERT INTO Spieler VALUES (438,13,15,'Jozo Stanic','Kroatien',0,0,0);
INSERT INTO Spieler VALUES (439,13,8,'Rani Khedira','Deutschland',19,2,1);
INSERT INTO Spieler VALUES (440,13,10,'Daniel Baier','Deutschland',19,0,0);
INSERT INTO Spieler VALUES (441,13,19,'Ja Cheol Koo','Republik Korea (Südkorea)',15,2,0);
INSERT INTO Spieler VALUES (442,13,17,'Jonathan Schmid','Frankreich',14,2,5);
INSERT INTO Spieler VALUES (443,13,14,'Jan Moravek','Tschechien',6,0,0);
INSERT INTO Spieler VALUES (444,13,28,'Georg Teigl','Österreich',0,0,0);
INSERT INTO Spieler VALUES (445,13,11,'Michael Gregoritsch','Österreich',19,4,0);
INSERT INTO Spieler VALUES (446,13,28,'Andre Hahn','Deutschland',17,2,3);
INSERT INTO Spieler VALUES (447,13,30,'Caiuby','Brasilien',16,2,1);
INSERT INTO Spieler VALUES (448,13,23,'Marco Richter','Deutschland',15,1,3);
INSERT INTO Spieler VALUES (449,13,27,'Alfred Finnbogason','Island',12,7,2);
INSERT INTO Spieler VALUES (450,13,21,'Sergio Cordova','Unbekannt',10,2,0);
INSERT INTO Spieler VALUES (451,13,20,'Julian Schieber','Deutschland',4,0,0);
INSERT INTO Spieler VALUES (452,13,29,'Romario Roesch','Deutschland',0,0,0);
INSERT INTO Spieler VALUES (453,18,1,'Ron-Robert Zieler','Deutschland',19,0,0);
INSERT INTO Spieler VALUES (454,18,13,'Jens Grahl','Deutschland',0,0,0);
INSERT INTO Spieler VALUES (455,18,26,'Alexander Meyer','Deutschland',0,0,0);
INSERT INTO Spieler VALUES (456,18,5,'Timo Baumgartl','Deutschland',17,1,0);
INSERT INTO Spieler VALUES (457,18,2,'Emiliano Insua','Argentinien',14,1,2);
INSERT INTO Spieler VALUES (458,18,21,'Benjamin Pavard','Frankreich',14,0,0);
INSERT INTO Spieler VALUES (459,18,32,'Andreas Beck','Deutschland',12,0,1);
INSERT INTO Spieler VALUES (460,18,3,'Dennis Aogo','Deutschland',11,0,0);
INSERT INTO Spieler VALUES (461,18,7,'Pablo Maffeo','Spanien',9,0,0);
INSERT INTO Spieler VALUES (462,18,4,'Marc Kempf','Deutschland',8,1,0);
INSERT INTO Spieler VALUES (463,18,28,'Holger Badstuber','Deutschland',8,0,0);
INSERT INTO Spieler VALUES (464,18,24,'Borna Sosa','Kroatien',6,0,0);
INSERT INTO Spieler VALUES (465,18,23,'Antonis Aidonis','Deutschland',2,0,0);
INSERT INTO Spieler VALUES (466,18,20,'Christian Gentner','Deutschland',19,0,2);
INSERT INTO Spieler VALUES (467,18,6,'Santiago Ascacibar','Argentinien',17,0,0);
INSERT INTO Spieler VALUES (468,18,17,'Erik Thommy','Deutschland',16,1,1);
INSERT INTO Spieler VALUES (469,18,8,'Gonzalo Castro','Deutschland',14,1,1);
INSERT INTO Spieler VALUES (470,18,19,'Chadrac Akolo','Unbekannt',13,0,1);
INSERT INTO Spieler VALUES (471,18,10,'Daniel Didavi','Deutschland',8,0,1);
INSERT INTO Spieler VALUES (472,18,31,'Berkay Ozcan','Türkei',3,0,0);
INSERT INTO Spieler VALUES (473,18,18,'Hans Nunoo Sarpei','Ghana',2,0,0);
INSERT INTO Spieler VALUES (474,18,29,'David Kopacz','Polen',0,0,0);
INSERT INTO Spieler VALUES (475,18,27,'Mario Gomez','Deutschland',19,5,1);
INSERT INTO Spieler VALUES (476,18,22,'Nicolas Gonzalez','Argentinien',18,2,1);
INSERT INTO Spieler VALUES (477,18,11,'Anastasios Donis','Griechenland',12,2,0);
INSERT INTO Spieler VALUES (478,18,0,'Jan Kliment','Tschechien',0,0,0);
INSERT INTO Spieler VALUES (479,16,23,'Michael Esser','Deutschland',18,0,0);
INSERT INTO Spieler VALUES (480,16,1,'Philipp Tschauner','Deutschland',2,0,0);
INSERT INTO Spieler VALUES (481,16,30,'Leo Weinkauf','Deutschland',0,0,0);
INSERT INTO Spieler VALUES (482,16,31,'Waldemar Anton','Deutschland',20,0,0);
INSERT INTO Spieler VALUES (483,16,3,'Miiko Albornoz','Chile',14,1,2);
INSERT INTO Spieler VALUES (484,16,2,'Josip Elez','Kroatien',11,0,0);
INSERT INTO Spieler VALUES (485,16,25,'Oliver Sorg','Deutschland',11,0,0);
INSERT INTO Spieler VALUES (486,16,5,'Felipe','Brasilien',9,2,0);
INSERT INTO Spieler VALUES (487,16,22,'Matthias Ostrzolek','Deutschland',9,0,0);
INSERT INTO Spieler VALUES (488,16,4,'Julian Korb','Deutschland',6,0,0);
INSERT INTO Spieler VALUES (489,16,15,'Timo Hübers','Deutschland',0,0,0);
INSERT INTO Spieler VALUES (490,16,8,'Walace','Brasilien',19,0,1);
INSERT INTO Spieler VALUES (491,16,27,'Pirmin Schwegler','Schweiz',15,0,3);
INSERT INTO Spieler VALUES (492,16,10,'Genki Haraguchi','Japan',15,0,2);
INSERT INTO Spieler VALUES (493,16,6,'Marvin Bakalorz','Deutschland',12,0,0);
INSERT INTO Spieler VALUES (494,16,35,'Muslija Florent','Deutschland',9,2,0);
INSERT INTO Spieler VALUES (495,16,18,'Iver Fossum','Norwegen',9,0,0);
INSERT INTO Spieler VALUES (496,16,7,'Edgar Prib','Deutschland',0,0,0);
INSERT INTO Spieler VALUES (497,16,17,'Bobby Wood','Vereinigte Staaten',17,3,3);
INSERT INTO Spieler VALUES (498,16,24,'Niclas Füllkrug','Deutschland',14,3,1);
INSERT INTO Spieler VALUES (499,16,13,'Ihlas Bebou','Togo',12,4,3);
INSERT INTO Spieler VALUES (500,16,40,'Linton Maina','Deutschland',11,1,0);
INSERT INTO Spieler VALUES (501,16,11,'Takuma Asano','Japan',9,1,0);
INSERT INTO Spieler VALUES (502,16,37,'Noah Joel Sarenren Bazee','Deutschland',2,0,0);
INSERT INTO Spieler VALUES (503,15,1,'Fabian Bredlow','Deutschland',14,0,0);
INSERT INTO Spieler VALUES (504,15,26,'Christian Mathenia','Deutschland',7,0,0);
INSERT INTO Spieler VALUES (505,15,30,'Patric Klandt','Deutschland',0,0,0);
INSERT INTO Spieler VALUES (506,15,33,'Georg Margreitter','Österreich',20,1,0);
INSERT INTO Spieler VALUES (507,15,28,'Lukas Mühl','Deutschland',19,1,0);
INSERT INTO Spieler VALUES (508,15,23,'Tim Leibold','Deutschland',19,0,2);
INSERT INTO Spieler VALUES (509,15,8,'Robert Bauer','Deutschland',13,0,0);
INSERT INTO Spieler VALUES (510,15,22,'Enrico Valentini','Italien',9,0,1);
INSERT INTO Spieler VALUES (511,15,4,'Ewerton','Brasilien',5,0,0);
INSERT INTO Spieler VALUES (512,15,2,'Kevin Goden','Deutschland',4,0,0);
INSERT INTO Spieler VALUES (513,15,20,'Lukas Jager','Österreich',0,0,0);
INSERT INTO Spieler VALUES (514,15,34,'Dennis Lippert','Deutschland',0,0,0);
INSERT INTO Spieler VALUES (515,15,31,'Ondrej Petrak','Tschechien',17,0,0);
INSERT INTO Spieler VALUES (516,15,18,'Hanno Behrens','Deutschland',16,3,1);
INSERT INTO Spieler VALUES (517,15,35,'Alexander Fuchs','Deutschland',9,1,0);
INSERT INTO Spieler VALUES (518,15,17,'Eduard Lowen','Deutschland',8,0,2);
INSERT INTO Spieler VALUES (519,15,29,'Patrick Erras','Deutschland',8,0,0);
INSERT INTO Spieler VALUES (520,15,38,'Simon Rhein','Deutschland',7,0,0);
INSERT INTO Spieler VALUES (521,15,37,'Timothy Tillmann','Deutschland',0,0,0);
INSERT INTO Spieler VALUES (522,15,24,'Vura','Niederlande',16,1,1);
INSERT INTO Spieler VALUES (523,15,9,'Mikael Ishak','Schweden',15,4,1);
INSERT INTO Spieler VALUES (524,15,21,'Federico Palacios','Deutschland',15,3,0);
INSERT INTO Spieler VALUES (525,15,14,'Yuya Kubo','Japan',13,0,0);
INSERT INTO Spieler VALUES (526,15,19,'Torles Knoll','Deutschland',12,1,0);
INSERT INTO Spieler VALUES (527,15,11,'Adam Zrelak','Slowakei',10,2,2);
INSERT INTO Spieler VALUES (528,15,10,'Sebastian Kerk','Deutschland',9,0,0);
INSERT INTO Spieler VALUES (529,15,27,'Matheus Pereira','Brasilien',9,0,0);
INSERT INTO Spieler VALUES (530,15,7,'Edgar Salli','Kamerun',3,0,0);
INSERT INTO Spieler VALUES (531,19,1,'Julian Pollersbeck','Deutschland',19,0,0);
INSERT INTO Spieler VALUES (532,19,12,'Tom Mickel','Deutschland',1,0,0);
INSERT INTO Spieler VALUES (533,19,30,'Morten Behrens','Deutschland',0,0,0);
INSERT INTO Spieler VALUES (534,19,6,'Douglas Santos','Brasilien',20,1,3);
INSERT INTO Spieler VALUES (535,19,4,'Rick Van Drongelen','Niederlande',20,1,0);
INSERT INTO Spieler VALUES (536,19,24,'Gotoku Sakai','Japan',20,0,0);
INSERT INTO Spieler VALUES (537,19,5,'David Bates','Unbekannt',16,0,0);
INSERT INTO Spieler VALUES (538,19,2,'Leo Lacroix','Schweiz',8,0,1);
INSERT INTO Spieler VALUES (539,19,27,'Josha Vagnomann','Deutschland',4,0,0);
INSERT INTO Spieler VALUES (540,19,26,'Tobias-Mbunjiro Knost','Deutschland',1,0,1);
INSERT INTO Spieler VALUES (541,19,22,'Stephan Ambrosius','Deutschland',1,0,0);
INSERT INTO Spieler VALUES (542,19,28,'Gideon Jung','Deutschland',0,0,0);
INSERT INTO Spieler VALUES (543,19,9,'Kyriakos Papadopoulos','Griechenland',0,0,0);
INSERT INTO Spieler VALUES (544,19,36,'Patric Pfeiffer','Deutschland',0,0,0);
INSERT INTO Spieler VALUES (545,19,7,'Khaled Narey','Deutschland',20,6,3);
INSERT INTO Spieler VALUES (546,19,25,'Orel Mangala','Belgien',20,1,2);
INSERT INTO Spieler VALUES (547,19,8,'Lewis Holtby','Deutschland',18,4,3);
INSERT INTO Spieler VALUES (548,19,14,'Aaron Hunt','Deutschland',17,4,1);
INSERT INTO Spieler VALUES (549,19,16,'Vasilije Janjicic','Schweiz',13,0,0);
INSERT INTO Spieler VALUES (550,19,13,'Christoph Moritz','Deutschland',11,0,0);
INSERT INTO Spieler VALUES (551,19,29,'Matti Steinmann','Deutschland',3,0,0);
INSERT INTO Spieler VALUES (552,19,34,'Jonas David','Deutschland',2,0,0);
INSERT INTO Spieler VALUES (553,19,31,'Arianit Ferati','Deutschland',0,0,0);
INSERT INTO Spieler VALUES (554,19,21,'Moritz-Broni Kwarteng','Deutschland',0,0,0);
INSERT INTO Spieler VALUES (555,19,10,'Pierre-Michel Lasogga','Deutschland',15,11,1);
INSERT INTO Spieler VALUES (556,19,20,'Hwang Hee-chan','Republik Korea (Südkorea)',15,2,1);
INSERT INTO Spieler VALUES (557,19,15,'Jann-Fiete Arp','Deutschland',12,1,2);
INSERT INTO Spieler VALUES (558,19,11,'Tatsuya Ito','Japan',11,0,0);
INSERT INTO Spieler VALUES (559,19,18,'Bakery Jatta','Unbekannt',10,2,0);
INSERT INTO Spieler VALUES (560,19,23,'Jairo','Spanien',3,0,0);
INSERT INTO Spieler VALUES (561,19,19,'Manuel Wintzheimer','Deutschland',1,0,0);
INSERT INTO Spieler VALUES (562,19,33,'Marco Drawz','Polen',0,0,0);
INSERT INTO Spieler VALUES (563,19,32,'Aaron Opoku','Deutschland',0,0,0);
INSERT INTO Spieler VALUES (564,20,1,'Timo Horn','Deutschland',20,0,0);
INSERT INTO Spieler VALUES (565,20,28,'Jan-Christoph Bartels','Deutschland',0,0,0);
INSERT INTO Spieler VALUES (566,20,18,'Thomas Kessler','Deutschland',0,0,0);
INSERT INTO Spieler VALUES (567,20,31,'Brady Scott','Vereinigte Staaten',0,0,0);
INSERT INTO Spieler VALUES (568,20,5,'Rafael Czichos','Deutschland',20,2,1);
INSERT INTO Spieler VALUES (569,20,23,'Jannes Horn','Deutschland',17,0,3);
INSERT INTO Spieler VALUES (570,20,14,'Jonas Hector','Deutschland',16,3,1);
INSERT INTO Spieler VALUES (571,20,22,'Mere','Spanien',14,0,0);
INSERT INTO Spieler VALUES (572,20,3,'Lasse Sobiech','Deutschland',8,0,2);
INSERT INTO Spieler VALUES (573,20,2,'Benno Erik Schmitz','Deutschland',8,0,0);
INSERT INTO Spieler VALUES (574,20,35,'Matthias Bader','Deutschland',3,0,0);
INSERT INTO Spieler VALUES (575,20,4,'Frederik Sörensen','Dänemark',2,0,0);
INSERT INTO Spieler VALUES (576,20,40,'Yann Bisseck','Deutschland',0,0,0);
INSERT INTO Spieler VALUES (577,20,34,'Noah Katterbach','Deutschland',0,0,0);
INSERT INTO Spieler VALUES (578,20,24,'Dominick Drexler','Deutschland',20,6,11);
INSERT INTO Spieler VALUES (579,20,13,'Louis Schaub','Österreich',18,3,12);
INSERT INTO Spieler VALUES (580,20,7,'Marcel Risse','Deutschland',17,2,4);
INSERT INTO Spieler VALUES (581,20,6,'Marco Höger','Deutschland',15,0,1);
INSERT INTO Spieler VALUES (582,20,20,'Salih Özcan','Deutschland',14,1,0);
INSERT INTO Spieler VALUES (583,20,17,'Christian Clemens','Deutschland',9,2,1);
INSERT INTO Spieler VALUES (584,20,21,'Vincent Koziello','Frankreich',9,1,1);
INSERT INTO Spieler VALUES (585,20,36,'Niklas Hauptmann','Deutschland',8,0,1);
INSERT INTO Spieler VALUES (586,20,33,'Matthias Lehmann','Deutschland',3,0,0);
INSERT INTO Spieler VALUES (587,20,26,'Chris Fuhrich','Deutschland',0,0,0);
INSERT INTO Spieler VALUES (588,20,38,'Nikolas Nartey','Dänemark',0,0,0);
INSERT INTO Spieler VALUES (589,20,9,'Simon Terodde','Deutschland',19,26,2);
INSERT INTO Spieler VALUES (590,20,15,'Jhon Cordoba','Kolumbien',18,8,0);
INSERT INTO Spieler VALUES (591,20,19,'Sehrou Guirassy','Frankreich',17,2,1);
INSERT INTO Spieler VALUES (592,20,11,'Simon Zoller','Deutschland',3,0,0);
INSERT INTO Spieler VALUES (593,20,27,'Anthony Modeste','Frankreich',0,0,0);
INSERT INTO Spieler VALUES (594,22,30,'Robin Himmelmann','Deutschland',19,0,0);
INSERT INTO Spieler VALUES (595,22,33,'Svend Brodersen','Deutschland',0,0,0);
INSERT INTO Spieler VALUES (596,22,1,'Korbinian Müller','Deutschland',0,0,0);
INSERT INTO Spieler VALUES (597,22,5,'Marvin Knoll','Deutschland',18,3,4);
INSERT INTO Spieler VALUES (598,22,4,'Philipp Ziereis','Deutschland',17,0,0);
INSERT INTO Spieler VALUES (599,22,6,'Christopher Avevor','Deutschland',16,1,0);
INSERT INTO Spieler VALUES (600,22,15,'Daniel Buballa','Deutschland',15,0,0);
INSERT INTO Spieler VALUES (601,22,19,'Luca Zander','Deutschland',7,0,1);
INSERT INTO Spieler VALUES (602,22,38,'Florian Carstens','Deutschland',6,1,0);
INSERT INTO Spieler VALUES (603,22,27,'Jan-Philipp Kalla','Deutschland',3,0,0);
INSERT INTO Spieler VALUES (604,22,16,'Marc Hornschuh','Deutschland',0,0,0);
INSERT INTO Spieler VALUES (605,22,35,'Brian Koglin','Deutschland',0,0,0);
INSERT INTO Spieler VALUES (606,22,34,'Jakob Munzner','Deutschland',0,0,0);
INSERT INTO Spieler VALUES (607,22,2,'Clemens Schoppenhauer','Deutschland',0,0,0);
INSERT INTO Spieler VALUES (608,22,14,'Mats Möller Daehli','Norwegen',19,2,3);
INSERT INTO Spieler VALUES (609,22,8,'Jeremy Dudziak','Deutschland',17,2,1);
INSERT INTO Spieler VALUES (610,22,23,'Johannes Flum','Deutschland',15,0,2);
INSERT INTO Spieler VALUES (611,22,20,'Richard Neudecker','Deutschland',14,3,1);
INSERT INTO Spieler VALUES (612,22,10,'Christopher Buchtmann','Deutschland',12,4,1);
INSERT INTO Spieler VALUES (613,22,12,'Ryo Miyaichi','Japan',10,2,0);
INSERT INTO Spieler VALUES (614,22,31,'Ersin Zehir','Deutschland',10,0,0);
INSERT INTO Spieler VALUES (615,22,28,'Waldemar Sobota','Polen',8,0,1);
INSERT INTO Spieler VALUES (616,22,22,'Cenk Sahin','Türkei',8,0,0);
INSERT INTO Spieler VALUES (617,22,7,'Bernd Nehrig','Deutschland',7,1,1);
INSERT INTO Spieler VALUES (618,22,39,'Yi Young Park','Republik Korea (Südkorea)',1,0,0);
INSERT INTO Spieler VALUES (619,22,36,'Luis Cordes','Deutschland',0,0,0);
INSERT INTO Spieler VALUES (620,22,25,'Henk Veerman','Niederlande',17,6,4);
INSERT INTO Spieler VALUES (621,22,18,'Dimitris Diamantakos','Griechenland',13,4,0);
INSERT INTO Spieler VALUES (622,22,11,'Sami Allagui','Tunesien',13,3,1);
INSERT INTO Spieler VALUES (623,22,29,'Jan Marc Schneider','Deutschland',2,0,0);
INSERT INTO Spieler VALUES (624,21,1,'Rafal Gikiewicz','Polen',20,1,0);
INSERT INTO Spieler VALUES (625,21,12,'Jakob Busk','Dänemark',0,0,0);
INSERT INTO Spieler VALUES (626,21,20,'Lennart Moser','Deutschland',0,0,0);
INSERT INTO Spieler VALUES (627,21,5,'Marvin Friedrich','Deutschland',20,0,0);
INSERT INTO Spieler VALUES (628,21,28,'Christopher Trimmel','Österreich',19,0,4);
INSERT INTO Spieler VALUES (629,21,19,'Florian Hübner','Deutschland',17,1,1);
INSERT INTO Spieler VALUES (630,21,14,'Ken Reichel','Deutschland',16,0,1);
INSERT INTO Spieler VALUES (631,21,25,'Christopher Lenz','Deutschland',6,0,0);
INSERT INTO Spieler VALUES (632,21,6,'Julian Ryerson','Norwegen',5,0,0);
INSERT INTO Spieler VALUES (633,21,34,'Fabian Schönheim','Deutschland',0,0,0);
INSERT INTO Spieler VALUES (634,21,3,'Christoph Schößwendter','Österreich',0,0,0);
INSERT INTO Spieler VALUES (635,21,15,'Marc Torrejon','Spanien',0,0,0);
INSERT INTO Spieler VALUES (636,21,24,'Manuel Schmiedebach','Deutschland',20,0,0);
INSERT INTO Spieler VALUES (637,21,7,'Marcel Hartel','Deutschland',18,0,2);
INSERT INTO Spieler VALUES (638,21,21,'Grischa Prömel','Deutschland',16,3,1);
INSERT INTO Spieler VALUES (639,21,32,'Robert Zulj','Österreich',16,1,3);
INSERT INTO Spieler VALUES (640,21,23,'Felix Kroos','Deutschland',13,2,1);
INSERT INTO Spieler VALUES (641,21,29,'Michael Parensen','Deutschland',6,0,0);
INSERT INTO Spieler VALUES (642,21,33,'Lennard Maloney','Deutschland',0,0,0);
INSERT INTO Spieler VALUES (643,21,31,'Berkan Taz','Deutschland',0,0,0);
INSERT INTO Spieler VALUES (644,21,27,'Eroll Zeynullahu','Unbekannt',0,0,0);
INSERT INTO Spieler VALUES (645,21,10,'Sebastian Andersson','Schweden',20,7,2);
INSERT INTO Spieler VALUES (646,21,11,'Akaki Gogia','Deutschland',17,4,1);
INSERT INTO Spieler VALUES (647,21,17,'Simon Hedlund','Schweden',13,2,0);
INSERT INTO Spieler VALUES (648,21,9,'Sebastian Polter','Deutschland',11,7,0);
INSERT INTO Spieler VALUES (649,21,8,'Joshua Mees','Deutschland',10,3,1);
INSERT INTO Spieler VALUES (650,21,18,'Kenny Prince Redondo','Deutschland',9,0,0);
INSERT INTO Spieler VALUES (651,21,30,'Abdullahi Suleiman','Nigeria',7,1,1);
INSERT INTO Spieler VALUES (652,27,18,'Kenneth Kronholm','Vereinigte Staaten',20,0,0);
INSERT INTO Spieler VALUES (653,27,35,'Dominik Reimann','Deutschland',0,0,0);
INSERT INTO Spieler VALUES (654,27,1,'Timon Weiner','Deutschland',0,0,0);
INSERT INTO Spieler VALUES (655,27,24,'Hauke Wahl','Deutschland',20,0,1);
INSERT INTO Spieler VALUES (656,27,20,'Jannik Dehm','Deutschland',19,0,1);
INSERT INTO Spieler VALUES (657,27,15,'Johannes van den Bergh','Deutschland',18,0,1);
INSERT INTO Spieler VALUES (658,27,3,'Dominik Schmidt','Deutschland',18,0,0);
INSERT INTO Spieler VALUES (659,27,5,'Stefan Thesker','Deutschland',9,1,0);
INSERT INTO Spieler VALUES (660,27,19,'Patrick Herrmann','Deutschland',6,0,0);
INSERT INTO Spieler VALUES (661,27,29,'Tobias Fleckstein','Deutschland',0,0,0);
INSERT INTO Spieler VALUES (662,27,2,'Arne Sicker','Deutschland',0,0,0);
INSERT INTO Spieler VALUES (663,27,8,'Alexander Muhling','Deutschland',20,7,4);
INSERT INTO Spieler VALUES (664,27,6,'David Kinsombi','Deutschland',20,5,2);
INSERT INTO Spieler VALUES (665,27,26,'Jonas Meffert','Deutschland',18,1,0);
INSERT INTO Spieler VALUES (666,27,9,'Mathias Honsak','Österreich',15,2,1);
INSERT INTO Spieler VALUES (667,27,22,'Atakan Karazor','Deutschland',8,0,1);
INSERT INTO Spieler VALUES (668,27,7,'Lee Jae Sung','Republik Korea (Südkorea)',7,2,2);
INSERT INTO Spieler VALUES (669,27,11,'Masaya Okugawa','Japan',7,0,0);
INSERT INTO Spieler VALUES (670,27,16,'Philipp Sander','Deutschland',1,0,0);
INSERT INTO Spieler VALUES (671,27,13,'Dominic Peitz','Deutschland',0,0,0);
INSERT INTO Spieler VALUES (672,27,23,'Janni Serra','Deutschland',19,9,2);
INSERT INTO Spieler VALUES (673,27,27,'Kingsley Schindler','Ghana',18,6,6);
INSERT INTO Spieler VALUES (674,27,30,'Benjamin Girth','Deutschland',7,2,0);
INSERT INTO Spieler VALUES (675,27,10,'Heinz Morschel','Deutschland',6,1,0);
INSERT INTO Spieler VALUES (676,27,17,'Steven Lewerenz','Deutschland',5,0,0);
INSERT INTO Spieler VALUES (677,27,14,'Aaron Seydel','Deutschland',4,1,1);
INSERT INTO Spieler VALUES (678,27,28,'Noah Awuku','Deutschland',1,0,0);
INSERT INTO Spieler VALUES (679,29,1,'Kevin Müller','Deutschland',19,0,0);
INSERT INTO Spieler VALUES (680,29,22,'Vitus Eicher','Deutschland',1,0,0);
INSERT INTO Spieler VALUES (681,29,39,'Matthias Kobbing','Deutschland',0,0,0);
INSERT INTO Spieler VALUES (682,29,6,'Patrick Mainka','Deutschland',19,0,0);
INSERT INTO Spieler VALUES (683,29,2,'Marnon Busch','Deutschland',18,0,3);
INSERT INTO Spieler VALUES (684,29,33,'Timo Beermann','Deutschland',13,1,0);
INSERT INTO Spieler VALUES (685,29,28,'Arne Feick','Deutschland',11,1,1);
INSERT INTO Spieler VALUES (686,29,29,'Robert Strauß','Deutschland',6,0,1);
INSERT INTO Spieler VALUES (687,29,5,'Mathias Wittek','Deutschland',6,0,0);
INSERT INTO Spieler VALUES (688,29,4,'Oliver Steurer','Deutschland',3,0,0);
INSERT INTO Spieler VALUES (689,29,34,'Tobias Reithmeir','Deutschland',0,0,0);
INSERT INTO Spieler VALUES (690,29,18,'Sebastian Griesbeck','Deutschland',20,2,2);
INSERT INTO Spieler VALUES (691,29,30,'Norman Theuerkauf','Deutschland',20,0,0);
INSERT INTO Spieler VALUES (692,29,7,'Marc Schnatterer','Deutschland',18,8,6);
INSERT INTO Spieler VALUES (693,29,36,'Niklas Dorsch','Deutschland',16,0,1);
INSERT INTO Spieler VALUES (694,29,8,'Robert Andrich','Deutschland',13,1,0);
INSERT INTO Spieler VALUES (695,29,17,'Maurice Multhaup','Deutschland',10,1,1);
INSERT INTO Spieler VALUES (696,29,38,'Tim Skarke','Deutschland',9,0,0);
INSERT INTO Spieler VALUES (697,29,21,'Maximilian Thiel','Deutschland',8,0,0);
INSERT INTO Spieler VALUES (698,29,27,'Kolja Pusch','Deutschland',7,2,0);
INSERT INTO Spieler VALUES (699,29,35,'Kevin Lankford','Deutschland',7,1,0);
INSERT INTO Spieler VALUES (700,29,37,'Gokalp Kilic','Deutschland',0,0,0);
INSERT INTO Spieler VALUES (701,29,16,'Kevin Sessa','Deutschland',0,0,0);
INSERT INTO Spieler VALUES (702,29,10,'Nikola Dovedan','Österreich',19,7,4);
INSERT INTO Spieler VALUES (703,29,32,'Patrick Schmidt','Deutschland',15,1,3);
INSERT INTO Spieler VALUES (704,29,9,'Robert Glatzel','Deutschland',11,8,3);
INSERT INTO Spieler VALUES (705,29,11,'Denis Thomalla','Deutschland',11,5,2);
INSERT INTO Spieler VALUES (706,25,17,'Leopold Zingerle','Deutschland',18,0,0);
INSERT INTO Spieler VALUES (707,25,1,'Michael Ratajczak','Deutschland',3,0,0);
INSERT INTO Spieler VALUES (708,25,34,'Leon Bruggemeier','Deutschland',0,0,0);
INSERT INTO Spieler VALUES (709,25,29,'Jamilu Collins','Nigeria',20,0,0);
INSERT INTO Spieler VALUES (710,25,13,'Sebastian Schonlau','Deutschland',15,1,0);
INSERT INTO Spieler VALUES (711,25,5,'Christian Strohdiek','Deutschland',15,0,0);
INSERT INTO Spieler VALUES (712,25,2,'Uwe Hünemeier','Deutschland',13,3,3);
INSERT INTO Spieler VALUES (713,25,33,'Lukas Boeder','Deutschland',6,1,0);
INSERT INTO Spieler VALUES (714,25,12,'Felix Herzenbruch','Deutschland',1,0,0);
INSERT INTO Spieler VALUES (715,25,14,'Thomas Bertels','Deutschland',0,0,0);
INSERT INTO Spieler VALUES (716,25,30,'Leon Fesser','Deutschland',0,0,0);
INSERT INTO Spieler VALUES (717,25,3,'Sascha Heil','Deutschland',0,0,0);
INSERT INTO Spieler VALUES (718,25,22,'Christopher Antwi-Adjej','Deutschland',20,1,1);
INSERT INTO Spieler VALUES (719,25,21,'Philipp Klement','Deutschland',19,10,8);
INSERT INTO Spieler VALUES (720,25,25,'Mohamed Drager','Tunesien',19,0,5);
INSERT INTO Spieler VALUES (721,25,31,'Ben Zolinski','Deutschland',18,4,2);
INSERT INTO Spieler VALUES (722,25,19,'Tobias Schwede','Deutschland',18,1,1);
INSERT INTO Spieler VALUES (723,25,8,'Klaus Gjasula','Deutschland',16,1,0);
INSERT INTO Spieler VALUES (724,25,39,'Sebastian Vasiliadis','Griechenland',13,3,5);
INSERT INTO Spieler VALUES (725,25,7,'Marlon Ritter','Deutschland',13,1,0);
INSERT INTO Spieler VALUES (726,25,24,'Oliver Schindler','Ungarn',0,0,0);
INSERT INTO Spieler VALUES (727,25,4,'Massih Wassey','Kanada',0,0,0);
INSERT INTO Spieler VALUES (728,25,37,'Bernard Tekpetey','Ghana',19,7,4);
INSERT INTO Spieler VALUES (729,25,11,'Sven Michel','Deutschland',11,6,3);
INSERT INTO Spieler VALUES (730,25,9,'Julius Düker','Deutschland',8,1,0);
INSERT INTO Spieler VALUES (731,25,18,'Sergio Gucciardo','Italien',0,0,0);
INSERT INTO Spieler VALUES (732,25,16,'Philippos Selkos','Griechenland',0,0,0);
INSERT INTO Spieler VALUES (733,23,1,'Manuel Riemann','Deutschland',18,0,0);
INSERT INTO Spieler VALUES (734,23,32,'Felix Dornebusch','Deutschland',1,0,0);
INSERT INTO Spieler VALUES (735,23,38,'Florian Kraft','Deutschland',0,0,0);
INSERT INTO Spieler VALUES (736,23,2,'Tim Hoogland','Deutschland',19,1,0);
INSERT INTO Spieler VALUES (737,23,18,'Jan Gyamerah','Deutschland',18,0,0);
INSERT INTO Spieler VALUES (738,23,3,'Danilo Soares','Brasilien',16,0,1);
INSERT INTO Spieler VALUES (739,23,21,'Stefano Celozzi','Deutschland',13,0,1);
INSERT INTO Spieler VALUES (740,23,24,'Timo Perthel','Deutschland',10,0,0);
INSERT INTO Spieler VALUES (741,23,29,'Maxim Leitsch','Deutschland',9,0,0);
INSERT INTO Spieler VALUES (742,23,19,'Patrick Fabian','Deutschland',5,0,0);
INSERT INTO Spieler VALUES (743,23,31,'Tom Baack','Deutschland',2,0,0);
INSERT INTO Spieler VALUES (744,23,23,'Robert Tesche','Deutschland',18,3,1);
INSERT INTO Spieler VALUES (745,23,8,'Anthony Losilla','Frankreich',18,1,0);
INSERT INTO Spieler VALUES (746,23,14,'Tom Weilandt','Deutschland',17,7,1);
INSERT INTO Spieler VALUES (747,23,13,'Sidney Sam','Deutschland',14,2,2);
INSERT INTO Spieler VALUES (748,23,11,'Lee Chung-Yong','Republik Korea (Südkorea)',11,0,3);
INSERT INTO Spieler VALUES (749,23,7,'Sebastian Maier','Deutschland',6,0,1);
INSERT INTO Spieler VALUES (750,23,20,'Vitaly Janelt','Deutschland',5,0,0);
INSERT INTO Spieler VALUES (751,23,26,'Görkem Saglam','Deutschland',4,0,1);
INSERT INTO Spieler VALUES (752,23,30,'Baris Ekincier','Aserbaidschan',1,0,0);
INSERT INTO Spieler VALUES (753,23,25,'Jannik Bandowski','Deutschland',0,0,0);
INSERT INTO Spieler VALUES (754,23,10,'Thomas Eisfeld','Deutschland',0,0,0);
INSERT INTO Spieler VALUES (755,23,28,'Lars Holtkamp','Deutschland',0,0,0);
INSERT INTO Spieler VALUES (756,23,33,'Moritz Romling','Deutschland',0,0,0);
INSERT INTO Spieler VALUES (757,23,16,'Lukas Hinterseer','Österreich',19,11,2);
INSERT INTO Spieler VALUES (758,23,35,'Silvere Ganvoula','Kongo',13,2,1);
INSERT INTO Spieler VALUES (759,23,17,'Robbie Kruse','Australien',12,1,2);
INSERT INTO Spieler VALUES (760,23,27,'Milos Pantovic','Serbien',5,0,0);
INSERT INTO Spieler VALUES (761,26,1,'Philipp Pentke','Deutschland',18,0,0);
INSERT INTO Spieler VALUES (762,26,33,'Andre Weis','Deutschland',1,0,0);
INSERT INTO Spieler VALUES (763,26,32,'Alexander Weidinger','Deutschland',0,0,0);
INSERT INTO Spieler VALUES (764,26,4,'Asger Sorensen','Dänemark',19,0,2);
INSERT INTO Spieler VALUES (765,26,6,'Benedikt Saller','Deutschland',18,1,1);
INSERT INTO Spieler VALUES (766,26,14,'Marcel Correia','Deutschland',15,2,0);
INSERT INTO Spieler VALUES (767,26,3,'Alexander Nandzik','Deutschland',14,0,0);
INSERT INTO Spieler VALUES (768,26,19,'Jonas Föhrenbach','Deutschland',11,0,0);
INSERT INTO Spieler VALUES (769,26,16,'Markus Palionis','Litauen',2,0,0);
INSERT INTO Spieler VALUES (770,26,5,'Dominic Volkmer','Deutschland',1,0,0);
INSERT INTO Spieler VALUES (771,26,17,'Oliver Hein','Deutschland',0,0,0);
INSERT INTO Spieler VALUES (772,26,28,'Sebastian Nachreiner','Deutschland',0,0,0);
INSERT INTO Spieler VALUES (773,26,24,'Ali Odabas','Türkei',0,0,0);
INSERT INTO Spieler VALUES (774,26,18,'Marc Lais','Deutschland',18,2,0);
INSERT INTO Spieler VALUES (775,26,8,'Andreas Geipl','Deutschland',18,0,3);
INSERT INTO Spieler VALUES (776,26,29,'Adrian Fein','Deutschland',13,0,1);
INSERT INTO Spieler VALUES (777,26,20,'Maximilian Thalhammer','Deutschland',6,0,1);
INSERT INTO Spieler VALUES (778,26,26,'Andre Dej','Polen',0,0,0);
INSERT INTO Spieler VALUES (779,26,13,'Sven Kopp','Deutschland',0,0,0);
INSERT INTO Spieler VALUES (780,26,23,'Sargis Adamyan','Armenien',18,8,5);
INSERT INTO Spieler VALUES (781,26,15,'Marco Grüttner','Deutschland',18,8,2);
INSERT INTO Spieler VALUES (782,26,9,'Jann George','Deutschland',18,4,3);
INSERT INTO Spieler VALUES (783,26,25,'Hamadi Al Ghaddioui','Deutschland',17,4,2);
INSERT INTO Spieler VALUES (784,26,22,'Sebastian Stolze','Deutschland',17,2,1);
INSERT INTO Spieler VALUES (785,26,7,'Albion Vrenezi','Unbekannt',8,0,1);
INSERT INTO Spieler VALUES (786,26,21,'Jonas Nietfeld','Deutschland',7,0,0);
INSERT INTO Spieler VALUES (787,26,10,'Julian Maurice Derstroff','Deutschland',3,1,0);
INSERT INTO Spieler VALUES (788,26,11,'Sebastian Freis','Deutschland',3,0,0);
INSERT INTO Spieler VALUES (789,26,34,'Haris Hyseni','Deutschland',1,0,0);
INSERT INTO Spieler VALUES (790,28,1,'Markus Schubert','Deutschland',19,0,0);
INSERT INTO Spieler VALUES (791,28,21,'Tim Boss','Deutschland',0,0,0);
INSERT INTO Spieler VALUES (792,28,24,'Patrick Wiegers','Deutschland',0,0,0);
INSERT INTO Spieler VALUES (793,28,3,'Dario Dumic','Unbekannt',17,1,0);
INSERT INTO Spieler VALUES (794,28,16,'Philip Heise','Deutschland',16,1,1);
INSERT INTO Spieler VALUES (795,28,31,'Brian Hamalainen','Dänemark',16,0,0);
INSERT INTO Spieler VALUES (796,28,2,'Linus Wahlqvist','Schweden',14,0,2);
INSERT INTO Spieler VALUES (797,28,7,'Niklas Kreuzer','Deutschland',9,0,0);
INSERT INTO Spieler VALUES (798,28,18,'Jannik Müller','Deutschland',7,1,0);
INSERT INTO Spieler VALUES (799,28,26,'Sören Gonther','Deutschland',7,0,0);
INSERT INTO Spieler VALUES (800,28,23,'Florian Ballas','Deutschland',2,0,0);
INSERT INTO Spieler VALUES (801,28,20,'Patrick Ebert','Deutschland',18,2,2);
INSERT INTO Spieler VALUES (802,28,8,'Rico Benatelli','Deutschland',18,1,0);
INSERT INTO Spieler VALUES (803,28,10,'Aias Aosman','Deutschland',17,4,1);
INSERT INTO Spieler VALUES (804,28,40,'Erich Berko','Deutschland',17,2,1);
INSERT INTO Spieler VALUES (805,28,4,'Jannis Nikolaou','Deutschland',16,0,0);
INSERT INTO Spieler VALUES (806,28,28,'Baris Atik','Türkei',12,2,2);
INSERT INTO Spieler VALUES (807,28,11,'Haris Duljevic','Unbekannt',12,1,0);
INSERT INTO Spieler VALUES (808,28,6,'Marco Hartmann','Deutschland',11,0,1);
INSERT INTO Spieler VALUES (809,28,22,'Patrick Moschl','Österreich',4,0,0);
INSERT INTO Spieler VALUES (810,28,29,'Sascha Horvath','Österreich',1,0,1);
INSERT INTO Spieler VALUES (811,28,35,'Marius Hauptmann','Deutschland',1,0,0);
INSERT INTO Spieler VALUES (812,28,34,'Justin Lowe','Deutschland',1,0,0);
INSERT INTO Spieler VALUES (813,28,14,'Moussa Koné','Senegal',19,8,4);
INSERT INTO Spieler VALUES (814,28,9,'Lucas Roser','Deutschland',12,2,0);
INSERT INTO Spieler VALUES (815,28,15,'Osman Atilgan','Deutschland',1,0,0);
INSERT INTO Spieler VALUES (816,28,32,'Vasil Kusej','Tschechien',0,0,0);
INSERT INTO Spieler VALUES (817,24,30,'Sascha Burchert','Deutschland',19,0,0);
INSERT INTO Spieler VALUES (818,24,1,'Marius Funk','Deutschland',0,0,0);
INSERT INTO Spieler VALUES (819,24,25,'Leon Schaffran','Deutschland',0,0,0);
INSERT INTO Spieler VALUES (820,24,29,'Tobias Mohr','Deutschland',19,4,2);
INSERT INTO Spieler VALUES (821,24,22,'Mario Maloca','Kroatien',18,0,0);
INSERT INTO Spieler VALUES (822,24,5,'Richard Magyar','Schweden',17,1,0);
INSERT INTO Spieler VALUES (823,24,24,'Maximilian Sauer','Deutschland',15,0,0);
INSERT INTO Spieler VALUES (824,24,3,'Maximilian Wittek','Deutschland',13,0,4);
INSERT INTO Spieler VALUES (825,24,13,'Marco Caligiuri','Deutschland',9,0,0);
INSERT INTO Spieler VALUES (826,24,23,'Paul Jaeckel','Deutschland',7,0,0);
INSERT INTO Spieler VALUES (827,24,19,'Roberto Hilbert','Deutschland',4,0,0);
INSERT INTO Spieler VALUES (828,24,15,'Sebastian Ernst','Deutschland',19,1,1);
INSERT INTO Spieler VALUES (829,24,37,'Julian Green','Vereinigte Staaten',17,1,1);
INSERT INTO Spieler VALUES (830,24,4,'Lukas Gugganig','Österreich',16,2,0);
INSERT INTO Spieler VALUES (831,24,11,'David Raum','Deutschland',8,0,1);
INSERT INTO Spieler VALUES (832,24,31,'Daniel Steininger','Deutschland',7,1,0);
INSERT INTO Spieler VALUES (833,24,21,'Nik Omladic','Slowenien',5,0,0);
INSERT INTO Spieler VALUES (834,24,6,'Yosuke Ideguchi','Japan',4,1,0);
INSERT INTO Spieler VALUES (835,24,8,'Elias Abouchabaka','Deutschland',3,0,0);
INSERT INTO Spieler VALUES (836,24,7,'Levent Aycicek','Deutschland',0,0,0);
INSERT INTO Spieler VALUES (837,24,18,'Benedikt Kirsch','Deutschland',0,0,0);
INSERT INTO Spieler VALUES (838,24,40,'Patrick Sontheimer','Deutschland',0,0,0);
INSERT INTO Spieler VALUES (839,24,10,'Daniel Keita-Ruel','Deutschland',19,8,1);
INSERT INTO Spieler VALUES (840,24,20,'David Atanga','Ghana',18,1,4);
INSERT INTO Spieler VALUES (841,24,17,'Fabian Reese','Deutschland',15,1,0);
INSERT INTO Spieler VALUES (842,24,9,'Shawn Parker','Deutschland',4,1,0);
INSERT INTO Spieler VALUES (843,31,1,'Martin Männel','Deutschland',17,0,0);
INSERT INTO Spieler VALUES (844,31,34,'Daniel Haas','Deutschland',2,0,0);
INSERT INTO Spieler VALUES (845,31,26,'Robert Jendrusch','Deutschland',0,0,0);
INSERT INTO Spieler VALUES (846,31,35,'Maximilian Schlosser','Deutschland',0,0,0);
INSERT INTO Spieler VALUES (847,31,20,'Calogero Rizzuto','Deutschland',17,0,1);
INSERT INTO Spieler VALUES (848,31,18,'Nicolai Rapp','Deutschland',16,0,1);
INSERT INTO Spieler VALUES (849,31,4,'Fabian Kalig','Deutschland',15,0,1);
INSERT INTO Spieler VALUES (850,31,15,'Dennis Kempe','Deutschland',14,1,1);
INSERT INTO Spieler VALUES (851,31,12,'Steve Breitkreuz','Deutschland',13,0,0);
INSERT INTO Spieler VALUES (852,31,21,'Malcolm Cacutalua','Deutschland',11,0,0);
INSERT INTO Spieler VALUES (853,31,27,'Sascha Hartel','Deutschland',2,0,0);
INSERT INTO Spieler VALUES (854,31,6,'Luke Hemmerich','Deutschland',2,0,0);
INSERT INTO Spieler VALUES (855,31,36,'Filip Kusic','Deutschland',1,0,0);
INSERT INTO Spieler VALUES (856,31,7,'Jan Hochscheidt','Deutschland',19,3,1);
INSERT INTO Spieler VALUES (857,31,5,'Clemens Fandrich','Deutschland',19,2,1);
INSERT INTO Spieler VALUES (858,31,17,'Philipp Riese','Deutschland',14,1,2);
INSERT INTO Spieler VALUES (859,31,16,'Mario Kvesic','Bosnien-Herzegowina',10,1,0);
INSERT INTO Spieler VALUES (860,31,33,'Christian Tiffert','Deutschland',10,0,0);
INSERT INTO Spieler VALUES (861,31,25,'Dominik Wydra','Österreich',8,0,0);
INSERT INTO Spieler VALUES (862,31,8,'Tom Baumgart','Deutschland',3,0,0);
INSERT INTO Spieler VALUES (863,31,24,'John-Patrick Strauß','Deutschland',3,0,0);
INSERT INTO Spieler VALUES (864,31,30,'Elias Loder','Deutschland',0,0,0);
INSERT INTO Spieler VALUES (865,31,37,'Pascal Testroet','Deutschland',18,12,2);
INSERT INTO Spieler VALUES (866,31,9,'Emmanuel Iyoha','Deutschland',15,2,3);
INSERT INTO Spieler VALUES (867,31,10,'Dimitrij Nazarov','Aserbaidschan',13,2,0);
INSERT INTO Spieler VALUES (868,31,23,'Sören Bertram','Deutschland',12,0,1);
INSERT INTO Spieler VALUES (869,31,38,'Robert Herrmann','Deutschland',7,1,0);
INSERT INTO Spieler VALUES (870,31,11,'Florian Kruger','Deutschland',5,1,3);
INSERT INTO Spieler VALUES (871,31,14,'Maximilian Pronichev','Russland',0,0,0);
INSERT INTO Spieler VALUES (872,30,1,'Daniel Fernandes','Portugal',20,0,0);
INSERT INTO Spieler VALUES (873,30,38,'Max Grün','Deutschland',0,0,0);
INSERT INTO Spieler VALUES (874,30,22,'Rouven Sattelmaier','Deutschland',0,0,0);
INSERT INTO Spieler VALUES (875,30,31,'Florian Stritzel','Deutschland',0,0,0);
INSERT INTO Spieler VALUES (876,30,4,'Aytac Sulu','Deutschland',19,2,0);
INSERT INTO Spieler VALUES (877,30,32,'Fabian Holland','Deutschland',19,0,2);
INSERT INTO Spieler VALUES (878,30,28,'Marcel Franke','Deutschland',17,1,0);
INSERT INTO Spieler VALUES (879,30,40,'Tim Rieder','Deutschland',16,0,0);
INSERT INTO Spieler VALUES (880,30,17,'Sandro Sirigu','Deutschland',14,0,0);
INSERT INTO Spieler VALUES (881,30,21,'Immanuel Höhn','Deutschland',11,1,0);
INSERT INTO Spieler VALUES (882,30,2,'Sebastian Hertner','Deutschland',5,0,0);
INSERT INTO Spieler VALUES (883,30,26,'Patrick Banggaard','Dänemark',0,0,0);
INSERT INTO Spieler VALUES (884,30,39,'Cameron Royo','Deutschland',0,0,0);
INSERT INTO Spieler VALUES (885,30,3,'Joevin Jones','Trinidad und Tobago',20,2,3);
INSERT INTO Spieler VALUES (886,30,11,'Tobias Kempe','Deutschland',19,7,3);
INSERT INTO Spieler VALUES (887,30,20,'Marcel Heller','Deutschland',19,2,4);
INSERT INTO Spieler VALUES (888,30,6,'Marvin Mehlem','Deutschland',17,2,2);
INSERT INTO Spieler VALUES (889,30,5,'Slobodan Medojevic','Serbien',17,0,0);
INSERT INTO Spieler VALUES (890,30,25,'Yannick Stark','Deutschland',10,0,0);
INSERT INTO Spieler VALUES (891,30,36,'Wilson Kamavuaka','Deutschland',4,0,0);
INSERT INTO Spieler VALUES (892,30,19,'Serdar Dursun','Türkei',19,6,0);
INSERT INTO Spieler VALUES (893,30,9,'Johannes Wurtz','Deutschland',14,0,1);
INSERT INTO Spieler VALUES (894,30,18,'Terrence Boyd','Vereinigte Staaten',13,0,0);
INSERT INTO Spieler VALUES (895,30,7,'Felix Platte','Deutschland',4,0,0);
INSERT INTO Spieler VALUES (896,30,0,'Selim Gündüz','Türkei',1,0,0);
INSERT INTO Spieler VALUES (897,30,27,'McKinze Gaines','Vereinigte Staaten',0,0,0);
INSERT INTO Spieler VALUES (898,30,37,'Luca Gelzleichter','Deutschland',0,0,0);
INSERT INTO Spieler VALUES (899,32,1,'Stefan Ortega','Deutschland',15,0,0);
INSERT INTO Spieler VALUES (900,32,25,'Philipp Klewin','Deutschland',5,0,0);
INSERT INTO Spieler VALUES (901,32,40,'Baboucarr Gaye','Deutschland',0,0,0);
INSERT INTO Spieler VALUES (902,32,8,'Florian Hartherz','Deutschland',19,1,2);
INSERT INTO Spieler VALUES (903,32,13,'Julian Börner','Deutschland',16,2,0);
INSERT INTO Spieler VALUES (904,32,23,'Jonathan Clauss','Frankreich',15,0,1);
INSERT INTO Spieler VALUES (905,32,11,'Stephan Salger','Deutschland',14,1,0);
INSERT INTO Spieler VALUES (906,32,27,'Cedric Brunner','Schweiz',14,0,1);
INSERT INTO Spieler VALUES (907,32,3,'Brian Behrendt','Österreich',13,0,0);
INSERT INTO Spieler VALUES (908,32,4,'Anderson-Lenda Lucoqui','Deutschland',8,0,1);
INSERT INTO Spieler VALUES (909,32,34,'Can Hayri Ozkan','Deutschland',0,0,0);
INSERT INTO Spieler VALUES (910,32,19,'Manuel Prietl','Österreich',20,0,1);
INSERT INTO Spieler VALUES (911,32,32,'Keanu Staude','Deutschland',18,2,0);
INSERT INTO Spieler VALUES (912,32,14,'Joan Edmundsson','Unbekannt',14,3,5);
INSERT INTO Spieler VALUES (913,32,20,'Nils Seufert','Deutschland',13,0,1);
INSERT INTO Spieler VALUES (914,32,7,'Patrick Weihrauch','Deutschland',12,1,0);
INSERT INTO Spieler VALUES (915,32,6,'Tom Schütz','Deutschland',11,2,1);
INSERT INTO Spieler VALUES (916,32,5,'Max Christiansen','Deutschland',8,0,0);
INSERT INTO Spieler VALUES (917,32,22,'Roberto Massimo','Deutschland',5,1,0);
INSERT INTO Spieler VALUES (918,32,37,'Cerruti Siya','Deutschland',0,0,0);
INSERT INTO Spieler VALUES (919,32,38,'Semir Ucar','Deutschland',0,0,0);
INSERT INTO Spieler VALUES (920,32,9,'Fabian Klos','Deutschland',19,5,1);
INSERT INTO Spieler VALUES (921,32,21,'Andreas Voglsammer','Deutschland',19,4,2);
INSERT INTO Spieler VALUES (922,32,17,'Prince-Osei Owusu','Deutschland',13,2,0);
INSERT INTO Spieler VALUES (923,32,36,'Sven Schipplock','Deutschland',4,2,1);
INSERT INTO Spieler VALUES (924,32,16,'Sören Brandy','Deutschland',4,0,0);
INSERT INTO Spieler VALUES (925,32,10,'Christopher Nöthe','Deutschland',0,0,0);
INSERT INTO Spieler VALUES (926,32,18,'Nils Quaschner','Deutschland',0,0,0);
INSERT INTO Spieler VALUES (927,34,29,'Niklas Lomb','Deutschland',14,0,0);
INSERT INTO Spieler VALUES (928,34,1,'Marcel Schuhen','Deutschland',6,0,0);
INSERT INTO Spieler VALUES (929,34,33,'Rick Wulle','Deutschland',0,0,0);
INSERT INTO Spieler VALUES (930,34,24,'Philipp Klingmann','Deutschland',18,2,2);
INSERT INTO Spieler VALUES (931,34,19,'Leart Paqarda','Unbekannt',17,0,2);
INSERT INTO Spieler VALUES (932,34,23,'Markus Karl','Deutschland',16,1,0);
INSERT INTO Spieler VALUES (933,34,4,'Jesper Verlaat','Niederlande',16,0,0);
INSERT INTO Spieler VALUES (934,34,14,'Tim Kister','Deutschland',13,1,0);
INSERT INTO Spieler VALUES (935,34,2,'Aleksandr Zhirov','Russland',5,0,0);
INSERT INTO Spieler VALUES (936,34,3,'Alex Rossipal','Deutschland',2,0,0);
INSERT INTO Spieler VALUES (937,34,5,'Marcel Seegert','Deutschland',2,0,0);
INSERT INTO Spieler VALUES (938,34,36,'Ken Gipson','Deutschland',1,0,0);
INSERT INTO Spieler VALUES (939,34,34,'Tim Knipping','Deutschland',0,0,0);
INSERT INTO Spieler VALUES (940,34,28,'Philipp Forster','Deutschland',18,3,0);
INSERT INTO Spieler VALUES (941,34,6,'Denis Linsmayer','Deutschland',18,1,0);
INSERT INTO Spieler VALUES (942,34,25,'Felix Müller','Deutschland',14,2,2);
INSERT INTO Spieler VALUES (943,34,27,'Maximilian Jansen','Deutschland',10,0,1);
INSERT INTO Spieler VALUES (944,34,22,'Korbinian Vollmann','Deutschland',9,0,2);
INSERT INTO Spieler VALUES (945,34,17,'Erik Zenga','Deutschland',8,0,0);
INSERT INTO Spieler VALUES (946,34,31,'Stefan Kulovits','Österreich',6,0,0);
INSERT INTO Spieler VALUES (947,34,20,'Taffertshofer Emanuel','Deutschland',4,0,0);
INSERT INTO Spieler VALUES (948,34,8,'Mohamed Gouaida','Tunesien',3,0,0);
INSERT INTO Spieler VALUES (949,34,10,'Nejmeddin Daghfous','Deutschland',0,0,0);
INSERT INTO Spieler VALUES (950,34,11,'Fabian Schleusener','Deutschland',20,8,0);
INSERT INTO Spieler VALUES (951,34,16,'Kevin Behrens','Deutschland',17,1,1);
INSERT INTO Spieler VALUES (952,34,7,'Andrew Wooten','Vereinigte Staaten',16,5,1);
INSERT INTO Spieler VALUES (953,34,9,'Rúrik Gislason','Island',14,0,4);
INSERT INTO Spieler VALUES (954,34,21,'Karim Guede','Slowakei',8,0,1);
INSERT INTO Spieler VALUES (955,34,12,'Florian Hansch','Deutschland',4,0,0);
INSERT INTO Spieler VALUES (956,33,27,'Daniel Mesenhöler','Deutschland',15,0,0);
INSERT INTO Spieler VALUES (957,33,1,'Daniel Davari','Iran',5,0,0);
INSERT INTO Spieler VALUES (958,33,22,'Jonas Brendieck','Deutschland',0,0,0);
INSERT INTO Spieler VALUES (959,33,17,'Kevin Wolze','Deutschland',19,3,3);
INSERT INTO Spieler VALUES (960,33,7,'Andreas Wiegel','Deutschland',18,0,1);
INSERT INTO Spieler VALUES (961,33,6,'Gerrit Nauber','Deutschland',16,1,0);
INSERT INTO Spieler VALUES (962,33,4,'Dustin Bomheuer','Deutschland',16,0,0);
INSERT INTO Spieler VALUES (963,33,29,'Sebastian Neumann','Deutschland',9,0,0);
INSERT INTO Spieler VALUES (964,33,23,'Yanni Regäsel','Deutschland',6,0,0);
INSERT INTO Spieler VALUES (965,33,3,'Enis Hajri','Tunesien',4,0,0);
INSERT INTO Spieler VALUES (966,33,2,'Seo Young-Jae','Republik Korea (Südkorea)',2,0,0);
INSERT INTO Spieler VALUES (967,33,18,'Thomas Blomeyer','Deutschland',0,0,0);
INSERT INTO Spieler VALUES (968,33,8,'Migel-Max Schmeling','Deutschland',0,0,0);
INSERT INTO Spieler VALUES (969,33,10,'Fabian Schnellhardt','Deutschland',19,1,1);
INSERT INTO Spieler VALUES (970,33,16,'Lukas Fröde','Deutschland',18,0,0);
INSERT INTO Spieler VALUES (971,33,13,'Lukas Daschner','Deutschland',5,1,0);
INSERT INTO Spieler VALUES (972,33,14,'Tim Albutat','Deutschland',4,0,0);
INSERT INTO Spieler VALUES (973,33,21,'Christian Gartner','Österreich',2,0,0);
INSERT INTO Spieler VALUES (974,33,11,'Stanislav Iljutcenko','Deutschland',18,1,1);
INSERT INTO Spieler VALUES (975,33,20,'Cauly Oliveira Souza','Brasilien',17,5,1);
INSERT INTO Spieler VALUES (976,33,9,'Ahmet Engin','Deutschland',17,1,2);
INSERT INTO Spieler VALUES (977,33,24,'Boris Tashchy','Ukraine',16,2,0);
INSERT INTO Spieler VALUES (978,33,15,'John Verhoek','Niederlande',15,1,0);
INSERT INTO Spieler VALUES (979,33,19,'Richard Sukuta-Pasu','Deutschland',14,1,0);
INSERT INTO Spieler VALUES (980,33,33,'Moritz Stoppelkamp','Deutschland',14,0,0);
INSERT INTO Spieler VALUES (981,33,36,'Joseph-Claude Gyau','Vereinigte Staaten',9,1,0);
INSERT INTO Spieler VALUES (982,35,30,'Alexander Brunst','Deutschland',15,0,0);
INSERT INTO Spieler VALUES (983,35,1,'Jasmin Fejzic','Unbekannt',4,0,0);
INSERT INTO Spieler VALUES (984,35,12,'Mario Seidel','Deutschland',0,0,0);
INSERT INTO Spieler VALUES (985,35,14,'Steffen Schäfer','Deutschland',15,0,0);
INSERT INTO Spieler VALUES (986,35,17,'Richard Weil','Deutschland',14,0,1);
INSERT INTO Spieler VALUES (987,35,5,'Tobias Müller','Deutschland',14,0,0);
INSERT INTO Spieler VALUES (988,35,18,'Aleksandar Ignjovski','Serbien',11,0,0);
INSERT INTO Spieler VALUES (989,35,3,'Christopher Handke','Deutschland',8,1,0);
INSERT INTO Spieler VALUES (990,35,33,'Romain Bregerie','Frankreich',8,0,0);
INSERT INTO Spieler VALUES (991,35,10,'Nico Hammann','Deutschland',6,0,0);
INSERT INTO Spieler VALUES (992,35,20,'Joel Abu Hanna','Deutschland',0,0,0);
INSERT INTO Spieler VALUES (993,35,9,'Marcel Costly','Deutschland',19,1,1);
INSERT INTO Spieler VALUES (994,35,19,'Michel Niemeyer','Deutschland',16,1,2);
INSERT INTO Spieler VALUES (995,35,16,'Nils Butzen','Deutschland',16,0,2);
INSERT INTO Spieler VALUES (996,35,6,'Björn Rother','Deutschland',15,0,0);
INSERT INTO Spieler VALUES (997,35,13,'Dennis Erdmann','Deutschland',14,1,0);
INSERT INTO Spieler VALUES (998,35,21,'Rico Preissinger','Deutschland',9,0,1);
INSERT INTO Spieler VALUES (999,35,23,'Charles Elie Laprevotte','Frankreich',5,0,0);
INSERT INTO Spieler VALUES (1000,35,22,'Manfred Osei Kwadwo','Deutschland',2,0,0);
INSERT INTO Spieler VALUES (1001,35,18,'Florian Kath','Deutschland',0,0,0);
INSERT INTO Spieler VALUES (1002,35,11,'Christian Beck','Deutschland',19,8,2);
INSERT INTO Spieler VALUES (1003,35,8,'Philip Türpitz','Deutschland',18,3,1);
INSERT INTO Spieler VALUES (1004,35,26,'Marius Bulter','Deutschland',18,2,1);
INSERT INTO Spieler VALUES (1005,35,7,'Felix Lohkemper','Deutschland',15,2,1);
INSERT INTO Spieler VALUES (1006,35,37,'Mergim Berisha','Unbekannt',5,0,0);
INSERT INTO Spieler VALUES (1007,35,24,'Tarek Chahed','Deutschland',0,0,0);
INSERT INTO Spieler VALUES (1008,35,25,'Philipp Harant','Deutschland',0,0,0);
INSERT INTO Spieler VALUES (1009,36,16,'Marco Knaller','Österreich',10,0,0);
INSERT INTO Spieler VALUES (1010,36,1,'Philipp Heerwagen','Deutschland',5,0,0);
INSERT INTO Spieler VALUES (1011,36,24,'Fabijan Buntic','Deutschland',4,0,0);
INSERT INTO Spieler VALUES (1012,36,0,'Lukas Schellenberg','Deutschland',0,0,0);
INSERT INTO Spieler VALUES (1013,36,5,'Benedikt Gimber','Deutschland',19,0,0);
INSERT INTO Spieler VALUES (1014,36,2,'Frederic Ananou','Deutschland',16,1,0);
INSERT INTO Spieler VALUES (1015,36,34,'Marvin Matip','Kamerun',15,1,0);
INSERT INTO Spieler VALUES (1016,36,26,'Phil Neumann','Deutschland',11,1,0);
INSERT INTO Spieler VALUES (1017,36,6,'Paulo Otavio','Brasilien',11,0,0);
INSERT INTO Spieler VALUES (1018,36,3,'Lucas Galvao','Brasilien',10,0,0);
INSERT INTO Spieler VALUES (1019,36,19,'Marcel Gaus','Deutschland',9,0,1);
INSERT INTO Spieler VALUES (1020,36,7,'Konstantin Kerschbaumer','Österreich',18,2,2);
INSERT INTO Spieler VALUES (1021,36,10,'Sonny Kittel','Deutschland',17,4,1);
INSERT INTO Spieler VALUES (1022,36,30,'Thomas Pledl','Deutschland',11,0,1);
INSERT INTO Spieler VALUES (1023,36,23,'Robin Krauße','Deutschland',11,0,0);
INSERT INTO Spieler VALUES (1024,36,8,'Almog Cohen','Israel',8,1,0);
INSERT INTO Spieler VALUES (1025,36,21,'Tobias Schröck','Deutschland',7,0,1);
INSERT INTO Spieler VALUES (1026,36,22,'Georgios Pintidis','Deutschland',1,0,0);
INSERT INTO Spieler VALUES (1027,36,39,'Joey Breitfeld','Deutschland',0,0,0);
INSERT INTO Spieler VALUES (1028,36,38,'Nico Rinderknecht','Deutschland',0,0,0);
INSERT INTO Spieler VALUES (1029,36,37,'Patrick Sussek','Deutschland',0,0,0);
INSERT INTO Spieler VALUES (1030,36,28,'Christian Träsch','Deutschland',0,0,0);
INSERT INTO Spieler VALUES (1031,36,20,'Stefan Kutschke','Deutschland',16,1,0);
INSERT INTO Spieler VALUES (1032,36,14,'Osayamen Osawe','England',16,0,4);
INSERT INTO Spieler VALUES (1033,36,29,'Thorsten Röcher','Österreich',15,2,0);
INSERT INTO Spieler VALUES (1034,36,11,'Dario Lezcano','Paraguay',13,3,1);
INSERT INTO Spieler VALUES (1035,36,35,'Charlison Benschop','Niederlande',10,1,0);
INSERT INTO Spieler VALUES (1036,36,13,'Robert Leipertz','Deutschland',8,0,1);
INSERT INTO Spieler VALUES (1037,36,27,'Agyemang Diawusie','Deutschland',2,0,0);
INSERT INTO Spieler VALUES (1038,36,36,'Fatih Kaya','Türkei',1,1,0);
INSERT INTO Spieler VALUES (1039,36,0,'Maximilian Breunig','Deutschland',0,0,0);
INSERT INTO Spieler VALUES (1040,39,32,'Benjamin Uphoff','Deutschland',21,0,0);
INSERT INTO Spieler VALUES (1041,39,29,'Mario Mario Schragl','Österreich',0,0,0);
INSERT INTO Spieler VALUES (1042,39,28,'Sven Müller','Deutschland',0,0,0);
INSERT INTO Spieler VALUES (1043,39,5,'David Pisot','Deutschland',21,1,1);
INSERT INTO Spieler VALUES (1044,39,3,'Daniel Gordon','Jamaika',21,1,0);
INSERT INTO Spieler VALUES (1045,39,6,'Damian Roßbach','Deutschland',20,0,0);
INSERT INTO Spieler VALUES (1046,39,2,'Burak Camoglu','Türkei',7,2,1);
INSERT INTO Spieler VALUES (1047,39,20,'Alexander Groiß','Deutschland',7,0,0);
INSERT INTO Spieler VALUES (1048,39,17,'Tim Kircher','Deutschland',3,0,0);
INSERT INTO Spieler VALUES (1049,39,22,'Christoph Kobald','Österreich',3,0,0);
INSERT INTO Spieler VALUES (1050,39,31,'Malik Malik Batmaz','Türkei',3,0,0);
INSERT INTO Spieler VALUES (1051,39,32,'Eric Jansen','Deutschland',1,0,0);
INSERT INTO Spieler VALUES (1052,39,4,'Martin Stoll','Deutschland',0,0,0);
INSERT INTO Spieler VALUES (1053,39,15,'Marin Sverko','Kroatien',0,0,0);
INSERT INTO Spieler VALUES (1054,39,8,'Manuel Stiefler','Deutschland',21,2,1);
INSERT INTO Spieler VALUES (1055,39,21,'Marco Thiede','Deutschland',21,0,0);
INSERT INTO Spieler VALUES (1056,39,10,'Marvin Wanitzek','Deutschland',20,3,0);
INSERT INTO Spieler VALUES (1057,39,7,'Marc Lorenz','Deutschland',17,3,0);
INSERT INTO Spieler VALUES (1058,39,37,'Kyoung Rok Kyoung Rok Choi','Republik Korea (Südkorea)',16,0,1);
INSERT INTO Spieler VALUES (1059,39,25,'Janis Hanek','Deutschland',6,0,0);
INSERT INTO Spieler VALUES (1060,39,18,'Justin Möbius','Deutschland',2,1,0);
INSERT INTO Spieler VALUES (1061,39,14,'Alexander Siebeck','Deutschland',0,0,0);
INSERT INTO Spieler VALUES (1062,39,30,'Anton Fink','Deutschland',21,9,0);
INSERT INTO Spieler VALUES (1063,39,9,'Marvin Pourie','Deutschland',20,11,0);
INSERT INTO Spieler VALUES (1064,39,14,'Saliou Sane','Deutschland',15,0,0);
INSERT INTO Spieler VALUES (1065,39,11,'Martin Röser','Deutschland',13,0,0);
INSERT INTO Spieler VALUES (1066,39,27,'Dominik Stroh-Engel','Deutschland',1,0,0);
INSERT INTO Spieler VALUES (1067,39,22,'Nathaniel Amamoo','Ghana',0,0,0);
INSERT INTO Spieler VALUES (1068,44,1,'Markus Kolke','Deutschland',22,0,0);
INSERT INTO Spieler VALUES (1069,44,19,'Jan Albrecht','Deutschland',0,0,0);
INSERT INTO Spieler VALUES (1070,44,25,'Lukas Watkowiak','Deutschland',0,0,0);
INSERT INTO Spieler VALUES (1071,44,4,'Sascha Mockenhaupt','Deutschland',21,0,1);
INSERT INTO Spieler VALUES (1072,44,23,'Alf Mintzel','Deutschland',18,0,0);
INSERT INTO Spieler VALUES (1073,44,0,'Niklas Dams','Deutschland',14,1,0);
INSERT INTO Spieler VALUES (1074,44,33,'Sebastian Mrowca','Polen',13,1,0);
INSERT INTO Spieler VALUES (1075,44,5,'Sören-Kurt Reddemann','Deutschland',12,2,0);
INSERT INTO Spieler VALUES (1076,44,33,'Marc Wachs','Deutschland',8,0,0);
INSERT INTO Spieler VALUES (1077,44,6,'Giuliano Modica','Argentinien',4,0,0);
INSERT INTO Spieler VALUES (1078,44,17,'Daniel-Kofi Kyereh','Deutschland',20,10,0);
INSERT INTO Spieler VALUES (1079,44,8,'Niklas Schmidt','Deutschland',20,3,0);
INSERT INTO Spieler VALUES (1080,44,14,'Jules Schwadorf','Deutschland',18,1,0);
INSERT INTO Spieler VALUES (1081,44,37,'Stephan Andrist','Schweiz',17,3,0);
INSERT INTO Spieler VALUES (1082,44,24,'Jeremias Lorch','Deutschland',17,1,0);
INSERT INTO Spieler VALUES (1083,44,21,'Patrick Schönfeld','Deutschland',13,0,0);
INSERT INTO Spieler VALUES (1084,44,26,'Titsch-Rivero Marcel','Deutschland',12,1,0);
INSERT INTO Spieler VALUES (1085,44,11,'Nicklas Shipnoski','Deutschland',11,2,0);
INSERT INTO Spieler VALUES (1086,44,7,'Maximilian Dittgen','Deutschland',8,0,0);
INSERT INTO Spieler VALUES (1087,44,27,'Simon Brandstetter','Deutschland',14,2,1);
INSERT INTO Spieler VALUES (1088,44,13,'Rene Guder','Deutschland',10,0,0);
INSERT INTO Spieler VALUES (1089,44,30,'Dominik Martinovic','Deutschland',0,0,0);
INSERT INTO Spieler VALUES (1090,43,1,'Ioannis Gelios','Griechenland',22,0,0);
INSERT INTO Spieler VALUES (1091,43,26,'Eric Gründemann','Deutschland',0,0,0);
INSERT INTO Spieler VALUES (1092,43,28,'Dirk Orlishausen','Deutschland',0,0,0);
INSERT INTO Spieler VALUES (1093,43,25,'Alexander Sebald','Deutschland',0,0,0);
INSERT INTO Spieler VALUES (1094,43,3,'Julian Riedel','Deutschland',21,0,0);
INSERT INTO Spieler VALUES (1095,43,4,'Kai Bülow','Deutschland',20,2,0);
INSERT INTO Spieler VALUES (1096,43,29,'Nico Rieble','Deutschland',19,0,0);
INSERT INTO Spieler VALUES (1097,43,20,'Lukas Scherff','Deutschland',15,1,0);
INSERT INTO Spieler VALUES (1098,43,5,'Oliver Hüsing','Deutschland',12,2,0);
INSERT INTO Spieler VALUES (1099,43,27,'Vladimir Rankovic','Deutschland',12,0,1);
INSERT INTO Spieler VALUES (1100,43,14,'Reinthaler Max','Italien',5,0,0);
INSERT INTO Spieler VALUES (1101,43,23,'Philemon Ofosu-Ayeh','Ghana',5,0,0);
INSERT INTO Spieler VALUES (1102,43,17,'Biankadi Merveille','Unbekannt',22,3,2);
INSERT INTO Spieler VALUES (1103,43,24,'Stefan Wannenwetsch','Deutschland',22,0,1);
INSERT INTO Spieler VALUES (1104,43,6,'Mirnes Pepic','Unbekannt',20,1,0);
INSERT INTO Spieler VALUES (1105,43,21,'Jonas Hildebrandt','Deutschland',17,2,0);
INSERT INTO Spieler VALUES (1106,43,33,'Marcel Hilßner','Deutschland',11,1,4);
INSERT INTO Spieler VALUES (1107,43,15,'Anton Donkor','Deutschland',7,1,1);
INSERT INTO Spieler VALUES (1108,43,8,'Evseev Willi','Deutschland',6,0,0);
INSERT INTO Spieler VALUES (1109,43,10,'Amaury Bischoff','Portugal',4,0,0);
INSERT INTO Spieler VALUES (1110,43,16,'Johann Berger','Deutschland',0,0,0);
INSERT INTO Spieler VALUES (1111,43,11,'Marco Königs','Deutschland',22,5,1);
INSERT INTO Spieler VALUES (1112,43,39,'Pascal Breier','Deutschland',21,4,0);
INSERT INTO Spieler VALUES (1113,43,7,'Cebio Soukou','Deutschland',18,8,1);
INSERT INTO Spieler VALUES (1114,43,19,'Del-Angelo Williams','Deutschland',7,1,1);
INSERT INTO Spieler VALUES (1115,47,1,'Marco Hiller','Deutschland',16,0,0);
INSERT INTO Spieler VALUES (1116,47,0,'Hendrik Bonmann','Deutschland',6,0,0);
INSERT INTO Spieler VALUES (1117,47,30,'Johann Hipper','Deutschland',0,0,0);
INSERT INTO Spieler VALUES (1118,47,32,'Simon Lorenz','Deutschland',21,3,0);
INSERT INTO Spieler VALUES (1119,47,17,'Daniel Wein','Deutschland',21,0,0);
INSERT INTO Spieler VALUES (1120,47,36,'Philipp Steinhart','Deutschland',19,3,2);
INSERT INTO Spieler VALUES (1121,47,28,'Herbert Paul','Deutschland',18,2,0);
INSERT INTO Spieler VALUES (1122,47,22,'Aaron Berzel','Deutschland',5,0,0);
INSERT INTO Spieler VALUES (1123,47,2,'Jan Mauersberger','Deutschland',4,0,0);
INSERT INTO Spieler VALUES (1124,47,2,'Weeger Eric','Deutschland',3,0,0);
INSERT INTO Spieler VALUES (1125,47,11,'Christian Köppel','Deutschland',1,0,0);
INSERT INTO Spieler VALUES (1126,47,27,'Semi Belkahia','Deutschland',0,0,0);
INSERT INTO Spieler VALUES (1127,47,5,'Quirin Moll','Deutschland',21,1,0);
INSERT INTO Spieler VALUES (1128,47,18,'Nico Karger','Deutschland',20,4,0);
INSERT INTO Spieler VALUES (1129,47,20,'Efkan Bekiroglu','Deutschland',14,3,1);
INSERT INTO Spieler VALUES (1130,47,19,'Alessandro Abruscia','Italien',10,2,0);
INSERT INTO Spieler VALUES (1131,47,38,'Romuald Lacazette','Frankreich',5,0,1);
INSERT INTO Spieler VALUES (1132,47,34,'Kristian Böhnlein','Deutschland',2,0,0);
INSERT INTO Spieler VALUES (1133,47,14,'Dennis Dressel','Deutschland',0,0,0);
INSERT INTO Spieler VALUES (1134,47,8,'Seferings Simon','Deutschland',0,0,0);
INSERT INTO Spieler VALUES (1135,47,21,'Ugur Mustafa Turk','Türkei',0,0,0);
INSERT INTO Spieler VALUES (1136,47,10,'Adriano Grimaldi','Italien',20,5,1);
INSERT INTO Spieler VALUES (1137,47,13,'Sascha Mölders','Deutschland',18,3,1);
INSERT INTO Spieler VALUES (1138,47,7,'Stefan Lex','Deutschland',17,2,0);
INSERT INTO Spieler VALUES (1139,47,25,'Marius Willsch','Deutschland',17,0,0);
INSERT INTO Spieler VALUES (1140,47,16,'Benjamin Kindsvater','Deutschland',13,1,0);
INSERT INTO Spieler VALUES (1141,47,24,'Markus Ziereis','Deutschland',1,0,0);
INSERT INTO Spieler VALUES (1142,47,31,'Kodjovi Koussou','Deutschland',0,0,0);
INSERT INTO Spieler VALUES (1143,47,23,'Helmbrecht Nicholas','Deutschland',0,0,0);
INSERT INTO Spieler VALUES (1144,47,0,'Noel Niemann','Deutschland',0,0,0);
INSERT INTO Spieler VALUES (1145,46,13,'Hesl Wolfgang','Deutschland',13,0,0);
INSERT INTO Spieler VALUES (1146,46,1,'Sievers Jan-Ole','Deutschland',8,0,0);
INSERT INTO Spieler VALUES (1147,46,22,'Grill Lennart','Deutschland',0,0,0);
INSERT INTO Spieler VALUES (1148,46,3,'Janek Sternberg','Deutschland',20,1,0);
INSERT INTO Spieler VALUES (1149,46,20,'Dominik Schad','Deutschland',14,0,0);
INSERT INTO Spieler VALUES (1150,46,23,'Florian Dick','Deutschland',11,0,1);
INSERT INTO Spieler VALUES (1151,46,28,'Lukas Gottwalt','Deutschland',9,1,0);
INSERT INTO Spieler VALUES (1152,46,5,'Kevin Kraus','Deutschland',9,0,0);
INSERT INTO Spieler VALUES (1153,46,4,'Özgür Özdemir','Türkei',2,0,0);
INSERT INTO Spieler VALUES (1154,46,26,'Mario Andric','Österreich',0,0,0);
INSERT INTO Spieler VALUES (1155,46,29,'Botiseriu Flavius','Deutschland',0,0,0);
INSERT INTO Spieler VALUES (1156,46,37,'Jonas Scholz','Deutschland',0,0,0);
INSERT INTO Spieler VALUES (1157,46,8,'Gino Fechner','Deutschland',15,1,0);
INSERT INTO Spieler VALUES (1158,46,14,'Mads Albaek','Dänemark',14,0,0);
INSERT INTO Spieler VALUES (1159,46,16,'Bergmann Theodor','Deutschland',13,2,1);
INSERT INTO Spieler VALUES (1160,46,6,'Jan Löhmannsröben','Deutschland',13,0,0);
INSERT INTO Spieler VALUES (1161,46,25,'Sickinger Carlo','Deutschland',3,0,0);
INSERT INTO Spieler VALUES (1162,46,27,'Mohamed Morabet','Deutschland',0,0,0);
INSERT INTO Spieler VALUES (1163,46,9,'Timmy Thiele','Deutschland',21,3,1);
INSERT INTO Spieler VALUES (1164,46,17,'Christoph Hemlein','Deutschland',20,2,0);
INSERT INTO Spieler VALUES (1165,46,21,'Hendrick Zuck','Deutschland',17,2,0);
INSERT INTO Spieler VALUES (1166,46,15,'Elias Huth','Deutschland',16,3,0);
INSERT INTO Spieler VALUES (1167,46,10,'Julius Biada','Deutschland',14,1,1);
INSERT INTO Spieler VALUES (1168,46,24,'Christian Kuhlwetter','Deutschland',13,4,0);
INSERT INTO Spieler VALUES (1169,46,41,'Florian Pick','Deutschland',13,0,0);
INSERT INTO Spieler VALUES (1170,46,33,'Spalvis Lukas','Litauen',6,2,0);
INSERT INTO Spieler VALUES (1171,46,14,'Esmel Dylan','Deutschland',0,0,0);
INSERT INTO Spieler VALUES (1172,51,43,'Avdo Spahic','Bosnien-Herzegowina',21,0,0);
INSERT INTO Spieler VALUES (1173,51,0,'Tim Stawecki','Deutschland',1,0,0);
INSERT INTO Spieler VALUES (1174,51,31,'Kevin Rauhut','Deutschland',0,0,0);
INSERT INTO Spieler VALUES (1175,51,5,'José Matuwila','Angola',20,0,0);
INSERT INTO Spieler VALUES (1176,51,21,'Marc Stein','Deutschland',19,4,0);
INSERT INTO Spieler VALUES (1177,51,3,'Lasse Schlüter','Deutschland',19,1,0);
INSERT INTO Spieler VALUES (1178,51,3,'Andrej Startsev','Deutschland',10,0,0);
INSERT INTO Spieler VALUES (1179,51,29,'Leon Schneider','Deutschland',7,0,0);
INSERT INTO Spieler VALUES (1180,51,25,'Marcel Baude','Deutschland',5,0,0);
INSERT INTO Spieler VALUES (1181,51,26,'Philipp Knechtel','Deutschland',3,0,0);
INSERT INTO Spieler VALUES (1182,51,24,'Max Grundmann','Deutschland',1,0,0);
INSERT INTO Spieler VALUES (1183,51,10,'Fabio Viteritti','Deutschland',21,5,0);
INSERT INTO Spieler VALUES (1184,51,7,'Kevin Weidlich','Deutschland',21,1,0);
INSERT INTO Spieler VALUES (1185,51,11,'Streli Mamba','Deutschland',20,6,0);
INSERT INTO Spieler VALUES (1186,51,8,'Felix Geisler','Deutschland',17,2,1);
INSERT INTO Spieler VALUES (1187,51,14,'Marcelo Costas de Freitas','Brasilien',16,3,0);
INSERT INTO Spieler VALUES (1188,51,17,'Maximilian Zimmer','Deutschland',14,1,1);
INSERT INTO Spieler VALUES (1189,51,20,'Tim Kruse','Deutschland',11,0,0);
INSERT INTO Spieler VALUES (1190,51,13,'Paul Gehrmann','Deutschland',8,0,0);
INSERT INTO Spieler VALUES (1191,51,18,'Daniel Stanese','Kanada',8,0,0);
INSERT INTO Spieler VALUES (1192,51,23,'Bender Lars','Deutschland',6,1,0);
INSERT INTO Spieler VALUES (1193,51,19,'Fabian Graudenz','Deutschland',6,0,0);
INSERT INTO Spieler VALUES (1194,51,33,'Moritz Broschinski','Deutschland',2,0,0);
INSERT INTO Spieler VALUES (1195,51,6,'Jonas Zickert','Deutschland',1,0,0);
INSERT INTO Spieler VALUES (1196,51,9,'Kevin Scheidhauer','Deutschland',14,0,1);
INSERT INTO Spieler VALUES (1197,51,27,'Abdulkadir Beyazit','Türkei',4,0,0);
INSERT INTO Spieler VALUES (1198,51,0,'Niklas Geisler','Deutschland',1,0,0);
INSERT INTO Spieler VALUES (1199,53,22,'Jo Coppens','Belgien',19,0,0);
INSERT INTO Spieler VALUES (1200,53,1,'Raphael Koczor','Deutschland',2,0,0);
INSERT INTO Spieler VALUES (1201,53,12,'Lukas Sedlak','Deutschland',0,0,0);
INSERT INTO Spieler VALUES (1202,53,15,'Marius Grösch','Deutschland',20,0,0);
INSERT INTO Spieler VALUES (1203,53,21,'Dennis Slamar','Deutschland',20,0,0);
INSERT INTO Spieler VALUES (1204,53,3,'Guillaume Cros','Frankreich',14,0,1);
INSERT INTO Spieler VALUES (1205,53,2,'Florian Brügmann','Deutschland',11,0,0);
INSERT INTO Spieler VALUES (1206,53,5,'Matthias Kühne','Deutschland',10,0,0);
INSERT INTO Spieler VALUES (1207,53,4,'Justin Gerlach','Deutschland',6,0,0);
INSERT INTO Spieler VALUES (1208,53,19,'Michael Schuler','Deutschland',1,0,0);
INSERT INTO Spieler VALUES (1209,53,24,'Valentin Reitstetter','Deutschland',0,0,0);
INSERT INTO Spieler VALUES (1210,53,8,'Maximilian Wolfram','Deutschland',20,3,0);
INSERT INTO Spieler VALUES (1211,53,9,'Rene Eckardt','Deutschland',20,1,0);
INSERT INTO Spieler VALUES (1212,53,0,'Niclas Erlbeck','Deutschland',17,0,0);
INSERT INTO Spieler VALUES (1213,53,20,'Firat Sucsuz','Türkei',13,1,1);
INSERT INTO Spieler VALUES (1214,53,26,'Kevin Pannewitz','Deutschland',9,0,0);
INSERT INTO Spieler VALUES (1215,53,25,'Justin Schau','Deutschland',9,0,0);
INSERT INTO Spieler VALUES (1216,53,23,'Sören Eismann','Deutschland',7,0,0);
INSERT INTO Spieler VALUES (1217,53,6,'Logan Rogerson','Neuseeland',2,0,0);
INSERT INTO Spieler VALUES (1218,53,10,'Maximilian Schlegel','Deutschland',0,0,0);
INSERT INTO Spieler VALUES (1219,53,11,'Manfred Starke','Namibia',18,5,0);
INSERT INTO Spieler VALUES (1220,53,18,'Felix Brugmann','Deutschland',18,4,0);
INSERT INTO Spieler VALUES (1221,53,29,'Phillip Tietz','Deutschland',16,5,0);
INSERT INTO Spieler VALUES (1222,53,14,'Dominik Bock','Deutschland',16,3,0);
INSERT INTO Spieler VALUES (1223,53,7,'Fabien Tchenkoua','Kamerun',11,0,0);
INSERT INTO Spieler VALUES (1224,53,27,'Julian Günther-Schmidt','Deutschland',9,5,1);
INSERT INTO Spieler VALUES (1225,53,28,'Stenzel Vincent-Louis','Deutschland',6,1,0);
INSERT INTO Spieler VALUES (1226,53,13,'James-Kevin Nahr','Deutschland',0,0,0);
INSERT INTO Spieler VALUES (1227,56,1,'Marcel Engelhardt','Deutschland',14,0,0);
INSERT INTO Spieler VALUES (1228,56,30,'Lukas Kruse','Deutschland',8,0,0);
INSERT INTO Spieler VALUES (1229,56,33,'Roman Birjukov','Deutschland',0,0,0);
INSERT INTO Spieler VALUES (1230,56,21,'Bangsow Yannik','Deutschland',0,0,0);
INSERT INTO Spieler VALUES (1231,56,27,'Niko Kijewski','Deutschland',21,0,0);
INSERT INTO Spieler VALUES (1232,56,2,'David Sauerland','Deutschland',16,0,2);
INSERT INTO Spieler VALUES (1233,56,19,'Felix Burmeister','Deutschland',15,0,0);
INSERT INTO Spieler VALUES (1234,56,17,'Steffen Nkansah','Ghana',14,0,0);
INSERT INTO Spieler VALUES (1235,56,4,'Malte Amundsen','Dänemark',13,1,0);
INSERT INTO Spieler VALUES (1236,56,14,'Robin Becker','Deutschland',13,1,0);
INSERT INTO Spieler VALUES (1237,56,5,'Valsvik Gustav','Norwegen',12,0,0);
INSERT INTO Spieler VALUES (1238,56,3,'Frederik Tingager','Dänemark',10,0,0);
INSERT INTO Spieler VALUES (1239,56,34,'Jan Lukas Funke','Deutschland',0,0,0);
INSERT INTO Spieler VALUES (1240,56,31,'Besfort Kolgeci','Unbekannt',0,0,0);
INSERT INTO Spieler VALUES (1241,56,18,'Nick Otto','Deutschland',0,0,0);
INSERT INTO Spieler VALUES (1242,56,8,'Stephan Fürstner','Deutschland',19,0,0);
INSERT INTO Spieler VALUES (1243,56,28,'Thorsen Jonas','Dänemark',15,1,0);
INSERT INTO Spieler VALUES (1244,56,10,'Mergim Fejzullahu','Albanien',13,3,0);
INSERT INTO Spieler VALUES (1245,56,20,'Ivan Franjic','Kroatien',11,0,0);
INSERT INTO Spieler VALUES (1246,56,38,'Leon Bürger','Deutschland',6,0,0);
INSERT INTO Spieler VALUES (1247,56,23,'Michal Fasko','Slowakei',1,0,0);
INSERT INTO Spieler VALUES (1248,56,29,'Eric Veiga','Luxemburg',0,0,0);
INSERT INTO Spieler VALUES (1249,56,25,'Onur Bulut','Türkei',19,2,0);
INSERT INTO Spieler VALUES (1250,56,11,'Putaro','Deutschland',15,2,0);
INSERT INTO Spieler VALUES (1251,56,17,'Otto Yari','Deutschland',11,2,0);
INSERT INTO Spieler VALUES (1252,56,22,'Manuel Janzer','Deutschland',8,1,0);
INSERT INTO Spieler VALUES (1253,56,15,'Nyman Christoffer','Schweden',6,1,0);
INSERT INTO Spieler VALUES (1254,56,7,'Canbaz Ahmet','Türkei',6,0,0);
INSERT INTO Spieler VALUES (1255,56,35,'Ayodele Max Adetula','Deutschland',1,0,0);
INSERT INTO Spieler VALUES (1256,56,32,'Samuel Abifade','Deutschland',0,0,0);







INSERT INTO Spiel VALUES (1,1,'2018-08-24','20:30:00',5,6,3,1);
INSERT INTO Spiel VALUES (2,1,'2018-08-25','15:30:00',11,3,0,2);
INSERT INTO Spiel VALUES (3,1,'2018-08-25','15:30:00',17,13,1,2);
INSERT INTO Spiel VALUES (4,1,'2018-08-25','15:30:00',8,15,1,0);
INSERT INTO Spiel VALUES (5,1,'2018-08-25','15:30:00',9,14,2,1);
INSERT INTO Spiel VALUES (6,1,'2018-08-25','15:30:00',7,16,1,1);
INSERT INTO Spiel VALUES (7,1,'2018-08-25','18:30:00',2,12,2,0);
INSERT INTO Spiel VALUES (8,1,'2018-08-26','15:30:00',10,18,1,0);
INSERT INTO Spiel VALUES (9,1,'2018-08-26','18:00:00',1,4,4,1);
INSERT INTO Spiel VALUES (10,2,'2018-08-31','20:30:00',16,1,0,0);
INSERT INTO Spiel VALUES (11,2,'2018-09-01','15:30:00',6,11,3,1);
INSERT INTO Spiel VALUES (12,2,'2018-09-01','15:30:00',12,9,1,3);
INSERT INTO Spiel VALUES (13,2,'2018-09-01','15:30:00',3,7,1,2);
INSERT INTO Spiel VALUES (14,2,'2018-09-01','15:30:00',13,2,1,1);
INSERT INTO Spiel VALUES (15,2,'2018-09-01','15:30:00',15,10,1,1);
INSERT INTO Spiel VALUES (16,2,'2018-09-01','18:30:00',18,5,0,3);
INSERT INTO Spiel VALUES (17,2,'2018-09-02','15:30:00',4,17,1,1);
INSERT INTO Spiel VALUES (18,2,'2018-09-02','18:00:00',14,8,0,2);
INSERT INTO Spiel VALUES (19,3,'2018-09-14','20:30:00',1,3,3,1);
INSERT INTO Spiel VALUES (20,3,'2018-09-15','15:30:00',5,12,3,1);
INSERT INTO Spiel VALUES (21,3,'2018-09-15','15:30:00',4,16,3,2);
INSERT INTO Spiel VALUES (22,3,'2018-09-15','15:30:00',10,13,2,1);
INSERT INTO Spiel VALUES (23,3,'2018-09-15','15:30:00',9,8,2,2);
INSERT INTO Spiel VALUES (24,3,'2018-09-15','15:30:00',17,6,2,1);
INSERT INTO Spiel VALUES (25,3,'2018-09-15','18:30:00',2,14,2,1);
INSERT INTO Spiel VALUES (26,3,'2018-09-16','15:30:00',7,15,1,1);
INSERT INTO Spiel VALUES (27,3,'2018-09-16','18:00:00',11,18,3,3);
INSERT INTO Spiel VALUES (28,4,'2018-09-21','20:30:00',18,17,0,0);
INSERT INTO Spiel VALUES (29,4,'2018-09-22','15:30:00',6,1,1,1);
INSERT INTO Spiel VALUES (30,4,'2018-09-22','15:30:00',8,2,4,2);
INSERT INTO Spiel VALUES (31,4,'2018-09-22','15:30:00',13,7,2,3);
INSERT INTO Spiel VALUES (32,4,'2018-09-22','15:30:00',9,11,1,3);
INSERT INTO Spiel VALUES (33,4,'2018-09-22','15:30:00',15,16,2,0);
INSERT INTO Spiel VALUES (34,4,'2018-09-22','18:30:00',14,5,0,2);
INSERT INTO Spiel VALUES (35,4,'2018-09-23','15:30:00',12,10,1,0);
INSERT INTO Spiel VALUES (36,4,'2018-09-23','18:00:00',3,4,1,1);
INSERT INTO Spiel VALUES (37,5,'2018-09-25','18:30:00',7,8,3,1);
INSERT INTO Spiel VALUES (38,5,'2018-09-25','20:30:00',5,13,1,1);
INSERT INTO Spiel VALUES (39,5,'2018-09-25','20:30:00',16,6,1,3);
INSERT INTO Spiel VALUES (40,5,'2018-09-25','20:30:00',11,14,1,0);
INSERT INTO Spiel VALUES (41,5,'2018-09-26','18:30:00',17,12,1,2);
INSERT INTO Spiel VALUES (42,5,'2018-09-26','20:30:00',1,15,7,0);
INSERT INTO Spiel VALUES (43,5,'2018-09-26','20:30:00',4,18,2,0);
INSERT INTO Spiel VALUES (44,5,'2018-09-26','20:30:00',2,3,3,1);
INSERT INTO Spiel VALUES (45,5,'2018-09-26','20:30:00',10,9,0,0);
INSERT INTO Spiel VALUES (46,6,'2018-09-28','20:30:00',8,5,2,0);
INSERT INTO Spiel VALUES (47,6,'2018-09-29','15:30:00',14,10,1,0);
INSERT INTO Spiel VALUES (48,6,'2018-09-29','15:30:00',6,4,1,2);
INSERT INTO Spiel VALUES (49,6,'2018-09-29','15:30:00',18,7,2,1);
INSERT INTO Spiel VALUES (50,6,'2018-09-29','15:30:00',9,2,2,2);
INSERT INTO Spiel VALUES (51,6,'2018-09-29','15:30:00',15,17,3,0);
INSERT INTO Spiel VALUES (52,6,'2018-09-29','18:30:00',12,1,2,4);
INSERT INTO Spiel VALUES (53,6,'2018-09-30','15:30:00',3,16,4,1);
INSERT INTO Spiel VALUES (54,6,'2018-09-30','18:00:00',13,11,4,1);
INSERT INTO Spiel VALUES (55,7,'2018-10-05','20:30:00',7,9,2,0);
INSERT INTO Spiel VALUES (56,7,'2018-10-06','15:30:00',1,13,4,3);
INSERT INTO Spiel VALUES (57,7,'2018-10-06','15:30:00',16,18,3,1);
INSERT INTO Spiel VALUES (58,7,'2018-10-06','15:30:00',10,8,0,0);
INSERT INTO Spiel VALUES (59,7,'2018-10-06','15:30:00',17,14,0,2);
INSERT INTO Spiel VALUES (60,7,'2018-10-06','18:30:00',5,2,0,3);
INSERT INTO Spiel VALUES (61,7,'2018-10-07','13:30:00',11,12,0,0);
INSERT INTO Spiel VALUES (62,7,'2018-10-07','15:30:00',6,3,1,2);
INSERT INTO Spiel VALUES (63,7,'2018-10-07','18:00:00',4,15,6,0);
INSERT INTO Spiel VALUES (64,8,'2018-10-19','20:30:00',3,17,7,1);
INSERT INTO Spiel VALUES (65,8,'2018-10-20','15:30:00',12,16,2,2);
INSERT INTO Spiel VALUES (66,8,'2018-10-20','15:30:00',18,1,0,4);
INSERT INTO Spiel VALUES (67,8,'2018-10-20','15:30:00',13,4,0,0);
INSERT INTO Spiel VALUES (68,8,'2018-10-20','15:30:00',9,5,1,3);
INSERT INTO Spiel VALUES (69,8,'2018-10-20','15:30:00',15,6,1,3);
INSERT INTO Spiel VALUES (70,8,'2018-10-20','18:30:00',14,7,0,2);
INSERT INTO Spiel VALUES (71,8,'2018-10-21','15:30:00',8,11,1,1);
INSERT INTO Spiel VALUES (72,8,'2018-10-21','18:00:00',2,10,4,0);
INSERT INTO Spiel VALUES (73,9,'2018-10-26','20:30:00',11,2,3,1);
INSERT INTO Spiel VALUES (74,9,'2018-10-27','15:30:00',1,8,2,2);
INSERT INTO Spiel VALUES (75,9,'2018-10-27','15:30:00',16,13,1,2);
INSERT INTO Spiel VALUES (76,9,'2018-10-27','15:30:00',10,5,1,2);
INSERT INTO Spiel VALUES (77,9,'2018-10-27','15:30:00',17,9,0,3);
INSERT INTO Spiel VALUES (78,9,'2018-10-27','18:30:00',6,18,4,0);
INSERT INTO Spiel VALUES (79,9,'2018-10-28','13:30:00',15,3,1,1);
INSERT INTO Spiel VALUES (80,9,'2018-10-28','15:30:00',4,14,0,0);
INSERT INTO Spiel VALUES (81,9,'2018-10-28','18:00:00',7,12,2,6);
INSERT INTO Spiel VALUES (82,10,'2018-11-02','20:30:00',18,3,0,3);
INSERT INTO Spiel VALUES (83,10,'2018-11-03','15:30:00',5,11,1,1);
INSERT INTO Spiel VALUES (84,10,'2018-11-03','15:30:00',14,16,3,1);
INSERT INTO Spiel VALUES (85,10,'2018-11-03','15:30:00',12,6,1,4);
INSERT INTO Spiel VALUES (86,10,'2018-11-03','15:30:00',13,15,2,2);
INSERT INTO Spiel VALUES (87,10,'2018-11-03','15:30:00',9,1,0,1);
INSERT INTO Spiel VALUES (88,10,'2018-11-03','18:30:00',8,4,0,3);
INSERT INTO Spiel VALUES (89,10,'2018-11-04','15:30:00',2,17,3,0);
INSERT INTO Spiel VALUES (90,10,'2018-11-04','18:00:00',10,7,2,1);
INSERT INTO Spiel VALUES (91,11,'2018-11-09','20:30:00',16,9,2,1);
INSERT INTO Spiel VALUES (92,11,'2018-11-10','15:30:00',6,13,2,1);
INSERT INTO Spiel VALUES (93,11,'2018-11-10','15:30:00',7,2,1,3);
INSERT INTO Spiel VALUES (94,11,'2018-11-10','15:30:00',11,10,1,3);
INSERT INTO Spiel VALUES (95,11,'2018-11-10','15:30:00',17,8,4,1);
INSERT INTO Spiel VALUES (96,11,'2018-11-10','15:30:00',15,18,0,2);
INSERT INTO Spiel VALUES (97,11,'2018-11-10','18:30:00',1,5,3,2);
INSERT INTO Spiel VALUES (98,11,'2018-11-11','15:30:00',4,12,3,0);
INSERT INTO Spiel VALUES (99,11,'2018-11-11','18:00:00',3,14,3,0);
INSERT INTO Spiel VALUES (100,12,'2018-11-23','20:30:00',12,18,2,0);
INSERT INTO Spiel VALUES (101,12,'2018-11-24','15:30:00',5,17,3,3);
INSERT INTO Spiel VALUES (102,12,'2018-11-24','15:30:00',8,6,3,3);
INSERT INTO Spiel VALUES (103,12,'2018-11-24','15:30:00',13,3,1,3);
INSERT INTO Spiel VALUES (104,12,'2018-11-24','15:30:00',10,1,1,2);
INSERT INTO Spiel VALUES (105,12,'2018-11-24','15:30:00',9,4,1,0);
INSERT INTO Spiel VALUES (106,12,'2018-11-24','18:30:00',14,15,5,2);
INSERT INTO Spiel VALUES (107,12,'2018-11-25','15:30:00',11,7,1,1);
INSERT INTO Spiel VALUES (108,12,'2018-11-25','18:00:00',2,16,4,1);
INSERT INTO Spiel VALUES (172,20,'2019-02-01','20:30:00',16,4,0,0);
INSERT INTO Spiel VALUES (173,20,'2019-02-02','15:30:00',6,17,0,0);
INSERT INTO Spiel VALUES (174,20,'2019-02-02','15:30:00',12,5,0,0);
INSERT INTO Spiel VALUES (175,20,'2019-02-02','15:30:00',3,1,0,0);
INSERT INTO Spiel VALUES (176,20,'2019-02-02','15:30:00',8,9,0,0);
INSERT INTO Spiel VALUES (177,20,'2019-02-02','15:30:00',15,7,0,0);
INSERT INTO Spiel VALUES (178,20,'2019-02-02','18:30:00',14,2,0,0);
INSERT INTO Spiel VALUES (179,20,'2019-02-03','15:30:00',13,10,0,0);
INSERT INTO Spiel VALUES (180,20,'2019-02-03','18:00:00',18,11,0,0);
INSERT INTO Spiel VALUES (181,21,'2019-02-08','20:30:00',10,12,0,0);
INSERT INTO Spiel VALUES (182,21,'2019-02-09','15:30:00',1,6,0,0);
INSERT INTO Spiel VALUES (183,21,'2019-02-09','15:30:00',4,3,0,0);
INSERT INTO Spiel VALUES (184,21,'2019-02-09','15:30:00',2,8,0,0);
INSERT INTO Spiel VALUES (185,21,'2019-02-09','15:30:00',16,15,0,0);
INSERT INTO Spiel VALUES (186,21,'2019-02-09','15:30:00',11,9,0,0);
INSERT INTO Spiel VALUES (187,21,'2019-02-09','18:30:00',5,14,0,0);
INSERT INTO Spiel VALUES (188,21,'2019-02-10','15:30:00',7,13,0,0);
INSERT INTO Spiel VALUES (189,21,'2019-02-10','18:00:00',17,18,0,0);
INSERT INTO Spiel VALUES (190,22,'2019-02-16','15:30:00',14,11,0,0);
INSERT INTO Spiel VALUES (191,22,'2019-02-16','15:30:00',6,16,0,0);
INSERT INTO Spiel VALUES (192,22,'2019-02-16','15:30:00',12,17,0,0);
INSERT INTO Spiel VALUES (193,22,'2019-02-16','15:30:00',18,4,0,0);
INSERT INTO Spiel VALUES (194,22,'2019-02-16','15:30:00',3,2,0,0);
INSERT INTO Spiel VALUES (195,22,'2019-02-16','15:30:00',8,7,0,0);
INSERT INTO Spiel VALUES (196,22,'2019-02-16','15:30:00',13,5,0,0);
INSERT INTO Spiel VALUES (197,22,'2019-02-16','15:30:00',9,10,0,0);
INSERT INTO Spiel VALUES (198,22,'2019-02-16','15:30:00',15,1,0,0);
INSERT INTO Spiel VALUES (199,23,'2019-02-23','15:30:00',5,8,0,0);
INSERT INTO Spiel VALUES (200,23,'2019-02-23','15:30:00',1,12,0,0);
INSERT INTO Spiel VALUES (201,23,'2019-02-23','15:30:00',4,6,0,0);
INSERT INTO Spiel VALUES (202,23,'2019-02-23','15:30:00',2,9,0,0);
INSERT INTO Spiel VALUES (203,23,'2019-02-23','15:30:00',7,18,0,0);
INSERT INTO Spiel VALUES (204,23,'2019-02-23','15:30:00',16,3,0,0);
INSERT INTO Spiel VALUES (205,23,'2019-02-23','15:30:00',11,13,0,0);
INSERT INTO Spiel VALUES (206,23,'2019-02-23','15:30:00',10,14,0,0);
INSERT INTO Spiel VALUES (207,23,'2019-02-23','15:30:00',17,15,0,0);
INSERT INTO Spiel VALUES (208,24,'2019-03-02','15:30:00',14,17,0,0);
INSERT INTO Spiel VALUES (209,24,'2019-03-02','15:30:00',12,11,0,0);
INSERT INTO Spiel VALUES (210,24,'2019-03-02','15:30:00',18,16,0,0);
INSERT INTO Spiel VALUES (211,24,'2019-03-02','15:30:00',3,6,0,0);
INSERT INTO Spiel VALUES (212,24,'2019-03-02','15:30:00',2,5,0,0);
INSERT INTO Spiel VALUES (213,24,'2019-03-02','15:30:00',8,10,0,0);
INSERT INTO Spiel VALUES (214,24,'2019-03-02','15:30:00',13,1,0,0);
INSERT INTO Spiel VALUES (215,24,'2019-03-02','15:30:00',9,7,0,0);
INSERT INTO Spiel VALUES (216,24,'2019-03-02','15:30:00',15,4,0,0);
INSERT INTO Spiel VALUES (217,25,'2019-03-09','15:30:00',5,9,0,0);
INSERT INTO Spiel VALUES (218,25,'2019-03-09','15:30:00',6,15,0,0);
INSERT INTO Spiel VALUES (219,25,'2019-03-09','15:30:00',1,18,0,0);
INSERT INTO Spiel VALUES (220,25,'2019-03-09','15:30:00',4,13,0,0);
INSERT INTO Spiel VALUES (221,25,'2019-03-09','15:30:00',7,14,0,0);
INSERT INTO Spiel VALUES (222,25,'2019-03-09','15:30:00',16,12,0,0);
INSERT INTO Spiel VALUES (223,25,'2019-03-09','15:30:00',11,8,0,0);
INSERT INTO Spiel VALUES (224,25,'2019-03-09','15:30:00',10,2,0,0);
INSERT INTO Spiel VALUES (225,25,'2019-03-09','15:30:00',17,3,0,0);
INSERT INTO Spiel VALUES (226,26,'2019-03-16','15:30:00',5,10,0,0);
INSERT INTO Spiel VALUES (227,26,'2019-03-16','15:30:00',14,4,0,0);
INSERT INTO Spiel VALUES (228,26,'2019-03-16','15:30:00',12,7,0,0);
INSERT INTO Spiel VALUES (229,26,'2019-03-16','15:30:00',18,6,0,0);
INSERT INTO Spiel VALUES (230,26,'2019-03-16','15:30:00',3,15,0,0);
INSERT INTO Spiel VALUES (231,26,'2019-03-16','15:30:00',2,11,0,0);
INSERT INTO Spiel VALUES (232,26,'2019-03-16','15:30:00',8,1,0,0);
INSERT INTO Spiel VALUES (233,26,'2019-03-16','15:30:00',13,16,0,0);
INSERT INTO Spiel VALUES (234,26,'2019-03-16','15:30:00',9,17,0,0);
INSERT INTO Spiel VALUES (235,27,'2019-03-30','15:30:00',6,12,0,0);
INSERT INTO Spiel VALUES (236,27,'2019-03-30','15:30:00',1,9,0,0);
INSERT INTO Spiel VALUES (237,27,'2019-03-30','15:30:00',4,8,0,0);
INSERT INTO Spiel VALUES (238,27,'2019-03-30','15:30:00',3,18,0,0);
INSERT INTO Spiel VALUES (239,27,'2019-03-30','15:30:00',7,10,0,0);
INSERT INTO Spiel VALUES (240,27,'2019-03-30','15:30:00',16,14,0,0);
INSERT INTO Spiel VALUES (241,27,'2019-03-30','15:30:00',11,5,0,0);
INSERT INTO Spiel VALUES (242,27,'2019-03-30','15:30:00',17,2,0,0);
INSERT INTO Spiel VALUES (243,27,'2019-03-30','15:30:00',15,13,0,0);
INSERT INTO Spiel VALUES (244,28,'2019-04-06','15:30:00',5,1,0,0);
INSERT INTO Spiel VALUES (245,28,'2019-04-06','15:30:00',14,3,0,0);
INSERT INTO Spiel VALUES (246,28,'2019-04-06','15:30:00',12,4,0,0);
INSERT INTO Spiel VALUES (247,28,'2019-04-06','15:30:00',18,15,0,0);
INSERT INTO Spiel VALUES (248,28,'2019-04-06','15:30:00',2,7,0,0);
INSERT INTO Spiel VALUES (249,28,'2019-04-06','15:30:00',8,17,0,0);
INSERT INTO Spiel VALUES (250,28,'2019-04-06','15:30:00',13,6,0,0);
INSERT INTO Spiel VALUES (251,28,'2019-04-06','15:30:00',10,11,0,0);
INSERT INTO Spiel VALUES (252,28,'2019-04-06','15:30:00',9,16,0,0);
INSERT INTO Spiel VALUES (253,29,'2019-04-13','15:30:00',6,8,0,0);
INSERT INTO Spiel VALUES (254,29,'2019-04-13','15:30:00',1,10,0,0);
INSERT INTO Spiel VALUES (255,29,'2019-04-13','15:30:00',4,9,0,0);
INSERT INTO Spiel VALUES (256,29,'2019-04-13','15:30:00',18,12,0,0);
INSERT INTO Spiel VALUES (257,29,'2019-04-13','15:30:00',3,13,0,0);
INSERT INTO Spiel VALUES (258,29,'2019-04-13','15:30:00',7,11,0,0);
INSERT INTO Spiel VALUES (259,29,'2019-04-13','15:30:00',16,2,0,0);
INSERT INTO Spiel VALUES (260,29,'2019-04-13','15:30:00',17,5,0,0);
INSERT INTO Spiel VALUES (261,29,'2019-04-13','15:30:00',15,14,0,0);
INSERT INTO Spiel VALUES (262,30,'2019-04-20','15:30:00',5,7,0,0);
INSERT INTO Spiel VALUES (263,30,'2019-04-20','15:30:00',14,6,0,0);
INSERT INTO Spiel VALUES (264,30,'2019-04-20','15:30:00',12,15,0,0);
INSERT INTO Spiel VALUES (265,30,'2019-04-20','15:30:00',2,4,0,0);
INSERT INTO Spiel VALUES (266,30,'2019-04-20','15:30:00',8,16,0,0);
INSERT INTO Spiel VALUES (267,30,'2019-04-20','15:30:00',13,18,0,0);
INSERT INTO Spiel VALUES (268,30,'2019-04-20','15:30:00',11,1,0,0);
INSERT INTO Spiel VALUES (269,30,'2019-04-20','15:30:00',10,17,0,0);
INSERT INTO Spiel VALUES (270,30,'2019-04-20','15:30:00',9,3,0,0);
INSERT INTO Spiel VALUES (271,31,'2019-04-27','15:30:00',3,8,0,0);
INSERT INTO Spiel VALUES (272,31,'2019-04-27','15:30:00',13,12,0,0);
INSERT INTO Spiel VALUES (273,31,'2019-04-27','15:30:00',16,10,0,0);
INSERT INTO Spiel VALUES (274,31,'2019-04-27','15:30:00',17,7,0,0);
INSERT INTO Spiel VALUES (275,31,'2019-04-27','15:30:00',15,5,0,0);
INSERT INTO Spiel VALUES (276,31,'2019-04-27','15:30:00',6,9,0,0);
INSERT INTO Spiel VALUES (277,31,'2019-04-27','15:30:00',1,14,0,0);
INSERT INTO Spiel VALUES (278,31,'2019-04-27','15:30:00',4,11,0,0);
INSERT INTO Spiel VALUES (279,31,'2019-04-27','15:30:00',18,2,0,0);
INSERT INTO Spiel VALUES (280,32,'2019-05-04','15:30:00',5,16,0,0);
INSERT INTO Spiel VALUES (281,32,'2019-05-04','15:30:00',14,13,0,0);
INSERT INTO Spiel VALUES (282,32,'2019-05-04','15:30:00',12,3,0,0);
INSERT INTO Spiel VALUES (283,32,'2019-05-04','15:30:00',2,6,0,0);
INSERT INTO Spiel VALUES (284,32,'2019-05-04','15:30:00',8,18,0,0);
INSERT INTO Spiel VALUES (285,32,'2019-05-04','15:30:00',7,1,0,0);
INSERT INTO Spiel VALUES (286,32,'2019-05-04','15:30:00',11,17,0,0);
INSERT INTO Spiel VALUES (287,32,'2019-05-04','15:30:00',10,4,0,0);
INSERT INTO Spiel VALUES (288,32,'2019-05-04','15:30:00',9,15,0,0);
INSERT INTO Spiel VALUES (289,33,'2019-05-11','15:30:00',6,7,0,0);
INSERT INTO Spiel VALUES (290,33,'2019-05-11','15:30:00',1,17,0,0);
INSERT INTO Spiel VALUES (291,33,'2019-05-11','15:30:00',12,14,0,0);
INSERT INTO Spiel VALUES (292,33,'2019-05-11','15:30:00',4,5,0,0);
INSERT INTO Spiel VALUES (293,33,'2019-05-11','15:30:00',18,9,0,0);
INSERT INTO Spiel VALUES (294,33,'2019-05-11','15:30:00',3,10,0,0);
INSERT INTO Spiel VALUES (295,33,'2019-05-11','15:30:00',13,8,0,0);
INSERT INTO Spiel VALUES (296,33,'2019-05-11','15:30:00',16,11,0,0);
INSERT INTO Spiel VALUES (297,33,'2019-05-11','15:30:00',15,2,0,0);
INSERT INTO Spiel VALUES (298,34,'2019-05-18','15:30:00',5,3,0,0);
INSERT INTO Spiel VALUES (299,34,'2019-05-18','15:30:00',14,18,0,0);
INSERT INTO Spiel VALUES (300,34,'2019-05-18','15:30:00',2,1,0,0);
INSERT INTO Spiel VALUES (301,34,'2019-05-18','15:30:00',8,12,0,0);
INSERT INTO Spiel VALUES (302,34,'2019-05-18','15:30:00',7,4,0,0);
INSERT INTO Spiel VALUES (303,34,'2019-05-18','15:30:00',11,15,0,0);
INSERT INTO Spiel VALUES (304,34,'2019-05-18','15:30:00',10,6,0,0);
INSERT INTO Spiel VALUES (305,34,'2019-05-18','15:30:00',9,13,0,0);
INSERT INTO Spiel VALUES (306,34,'2019-05-18','15:30:00',17,16,0,0);
INSERT INTO Spiel VALUES (307,1,'2018-08-03','20:30:00',19,27,0,3);
INSERT INTO Spiel VALUES (308,1,'2018-08-04','13:00:00',23,20,0,2);
INSERT INTO Spiel VALUES (309,1,'2018-08-04','15:30:00',26,36,2,1);
INSERT INTO Spiel VALUES (310,1,'2018-08-04','15:30:00',24,34,3,1);
INSERT INTO Spiel VALUES (311,1,'2018-08-05','13:30:00',35,22,1,2);
INSERT INTO Spiel VALUES (312,1,'2018-08-05','15:30:00',21,31,1,0);
INSERT INTO Spiel VALUES (313,1,'2018-08-05','15:30:00',30,25,1,0);
INSERT INTO Spiel VALUES (314,1,'2018-08-05','15:30:00',29,32,1,1);
INSERT INTO Spiel VALUES (315,1,'2018-08-06','20:30:00',28,33,1,0);
INSERT INTO Spiel VALUES (316,2,'2018-08-10','18:30:00',36,24,1,1);
INSERT INTO Spiel VALUES (317,2,'2018-08-10','18:30:00',25,26,2,0);
INSERT INTO Spiel VALUES (318,2,'2018-08-10','20:30:00',22,30,2,0);
INSERT INTO Spiel VALUES (319,2,'2018-08-11','13:00:00',33,23,0,2);
INSERT INTO Spiel VALUES (320,2,'2018-08-11','15:30:00',32,28,2,1);
INSERT INTO Spiel VALUES (321,2,'2018-08-12','13:30:00',34,19,0,3);
INSERT INTO Spiel VALUES (322,2,'2018-08-12','15:30:00',27,29,1,1);
INSERT INTO Spiel VALUES (323,2,'2018-08-12','15:30:00',31,35,0,0);
INSERT INTO Spiel VALUES (324,2,'2018-08-13','20:30:00',20,21,1,1);
INSERT INTO Spiel VALUES (325,3,'2018-08-24','18:30:00',23,34,1,0);
INSERT INTO Spiel VALUES (326,3,'2018-08-24','18:30:00',30,33,3,0);
INSERT INTO Spiel VALUES (327,3,'2018-08-25','13:00:00',20,31,3,1);
INSERT INTO Spiel VALUES (328,3,'2018-08-25','13:00:00',24,25,2,2);
INSERT INTO Spiel VALUES (329,3,'2018-08-25','13:00:00',35,36,1,1);
INSERT INTO Spiel VALUES (330,3,'2018-08-26','13:30:00',26,27,0,0);
INSERT INTO Spiel VALUES (331,3,'2018-08-26','13:30:00',21,22,4,1);
INSERT INTO Spiel VALUES (332,3,'2018-08-26','13:30:00',28,29,1,3);
INSERT INTO Spiel VALUES (333,3,'2018-08-27','20:30:00',19,32,3,0);
INSERT INTO Spiel VALUES (334,4,'2018-08-31','18:30:00',36,31,3,2);
INSERT INTO Spiel VALUES (335,4,'2018-08-31','18:30:00',25,23,2,2);
INSERT INTO Spiel VALUES (336,4,'2018-09-01','13:00:00',32,26,5,3);
INSERT INTO Spiel VALUES (337,4,'2018-09-01','13:00:00',33,24,0,1);
INSERT INTO Spiel VALUES (338,4,'2018-09-02','13:30:00',34,21,0,0);
INSERT INTO Spiel VALUES (339,4,'2018-09-02','13:30:00',22,20,3,5);
INSERT INTO Spiel VALUES (340,4,'2018-09-02','13:30:00',29,30,0,1);
INSERT INTO Spiel VALUES (341,4,'2018-09-03','20:30:00',27,35,2,1);
INSERT INTO Spiel VALUES (342,4,'2018-09-18','18:30:00',28,19,0,1);
INSERT INTO Spiel VALUES (343,5,'2018-09-14','18:30:00',26,28,0,2);
INSERT INTO Spiel VALUES (344,5,'2018-09-14','18:30:00',21,33,2,2);
INSERT INTO Spiel VALUES (345,5,'2018-09-15','13:00:00',19,29,3,2);
INSERT INTO Spiel VALUES (346,5,'2018-09-15','13:00:00',30,34,1,1);
INSERT INTO Spiel VALUES (347,5,'2018-09-15','13:00:00',24,27,4,1);
INSERT INTO Spiel VALUES (348,5,'2018-09-16','13:30:00',20,25,3,5);
INSERT INTO Spiel VALUES (349,5,'2018-09-16','13:30:00',23,36,6,0);
INSERT INTO Spiel VALUES (350,5,'2018-09-16','13:30:00',31,22,3,1);
INSERT INTO Spiel VALUES (351,5,'2018-09-17','20:30:00',35,32,0,0);
INSERT INTO Spiel VALUES (352,6,'2018-09-21','18:30:00',36,22,0,1);
INSERT INTO Spiel VALUES (353,6,'2018-09-21','18:30:00',34,20,0,2);
INSERT INTO Spiel VALUES (354,6,'2018-09-22','13:00:00',27,23,2,2);
INSERT INTO Spiel VALUES (355,6,'2018-09-22','13:00:00',32,21,1,1);
INSERT INTO Spiel VALUES (356,6,'2018-09-22','13:00:00',28,30,4,1);
INSERT INTO Spiel VALUES (357,6,'2018-09-23','13:30:00',19,26,0,5);
INSERT INTO Spiel VALUES (358,6,'2018-09-23','13:30:00',33,31,1,2);
INSERT INTO Spiel VALUES (359,6,'2018-09-23','13:30:00',29,24,2,0);
INSERT INTO Spiel VALUES (360,6,'2018-09-23','13:30:00',25,35,4,4);
INSERT INTO Spiel VALUES (361,7,'2018-09-25','18:30:00',20,36,2,1);
INSERT INTO Spiel VALUES (362,7,'2018-09-25','18:30:00',23,28,0,1);
INSERT INTO Spiel VALUES (363,7,'2018-09-25','18:30:00',21,27,2,0);
INSERT INTO Spiel VALUES (364,7,'2018-09-25','18:30:00',30,32,1,2);
INSERT INTO Spiel VALUES (365,7,'2018-09-26','18:30:00',26,29,2,1);
INSERT INTO Spiel VALUES (366,7,'2018-09-26','18:30:00',22,25,2,1);
INSERT INTO Spiel VALUES (367,7,'2018-09-26','18:30:00',31,34,0,2);
INSERT INTO Spiel VALUES (368,7,'2018-09-26','18:30:00',35,33,3,3);
INSERT INTO Spiel VALUES (369,7,'2018-09-27','20:30:00',24,19,0,0);
INSERT INTO Spiel VALUES (370,8,'2018-09-28','18:30:00',27,30,4,2);
INSERT INTO Spiel VALUES (371,8,'2018-09-28','18:30:00',32,20,1,3);
INSERT INTO Spiel VALUES (372,8,'2018-09-29','13:00:00',33,26,1,3);
INSERT INTO Spiel VALUES (373,8,'2018-09-29','13:00:00',29,23,3,2);
INSERT INTO Spiel VALUES (374,8,'2018-09-29','13:00:00',25,31,1,0);
INSERT INTO Spiel VALUES (375,8,'2018-09-30','13:30:00',19,22,0,0);
INSERT INTO Spiel VALUES (376,8,'2018-09-30','13:30:00',34,35,0,1);
INSERT INTO Spiel VALUES (377,8,'2018-09-30','13:30:00',28,24,0,1);
INSERT INTO Spiel VALUES (378,8,'2018-10-01','20:30:00',36,21,1,2);
INSERT INTO Spiel VALUES (379,9,'2018-10-05','18:30:00',23,32,1,0);
INSERT INTO Spiel VALUES (380,9,'2018-10-05','18:30:00',30,19,1,2);
INSERT INTO Spiel VALUES (381,9,'2018-10-06','13:00:00',24,26,1,1);
INSERT INTO Spiel VALUES (382,9,'2018-10-06','13:00:00',31,27,2,1);
INSERT INTO Spiel VALUES (383,9,'2018-10-06','13:00:00',35,28,2,2);
INSERT INTO Spiel VALUES (384,9,'2018-10-07','13:30:00',21,29,1,1);
INSERT INTO Spiel VALUES (385,9,'2018-10-07','13:30:00',36,25,1,2);
INSERT INTO Spiel VALUES (386,9,'2018-10-07','13:30:00',22,34,3,1);
INSERT INTO Spiel VALUES (387,9,'2018-10-08','20:30:00',20,33,1,2);
INSERT INTO Spiel VALUES (388,10,'2018-10-19','18:30:00',34,36,4,0);
INSERT INTO Spiel VALUES (389,10,'2018-10-19','18:30:00',28,31,1,1);
INSERT INTO Spiel VALUES (390,10,'2018-10-20','13:00:00',27,20,1,1);
INSERT INTO Spiel VALUES (391,10,'2018-10-20','13:00:00',32,24,2,3);
INSERT INTO Spiel VALUES (392,10,'2018-10-20','13:00:00',29,35,3,0);
INSERT INTO Spiel VALUES (393,10,'2018-10-21','13:30:00',19,23,0,0);
INSERT INTO Spiel VALUES (394,10,'2018-10-21','13:30:00',26,30,1,1);
INSERT INTO Spiel VALUES (395,10,'2018-10-21','13:30:00',25,21,0,0);
INSERT INTO Spiel VALUES (396,10,'2018-10-22','20:30:00',33,22,0,1);
INSERT INTO Spiel VALUES (397,11,'2018-10-26','18:30:00',30,24,2,0);
INSERT INTO Spiel VALUES (398,11,'2018-10-26','18:30:00',35,19,0,1);
INSERT INTO Spiel VALUES (399,11,'2018-10-27','13:00:00',20,29,1,1);
INSERT INTO Spiel VALUES (400,11,'2018-10-27','13:00:00',31,32,1,0);
INSERT INTO Spiel VALUES (401,11,'2018-10-27','13:00:00',25,34,3,3);
INSERT INTO Spiel VALUES (402,11,'2018-10-28','13:30:00',21,28,0,0);
INSERT INTO Spiel VALUES (403,11,'2018-10-28','13:30:00',36,33,1,1);
INSERT INTO Spiel VALUES (404,11,'2018-10-28','13:30:00',22,27,0,1);
INSERT INTO Spiel VALUES (405,11,'2018-10-29','20:30:00',23,26,3,3);
INSERT INTO Spiel VALUES (406,12,'2018-11-02','18:30:00',28,34,3,1);
INSERT INTO Spiel VALUES (407,12,'2018-11-02','18:30:00',24,23,2,2);
INSERT INTO Spiel VALUES (408,12,'2018-11-03','13:00:00',27,36,2,2);
INSERT INTO Spiel VALUES (409,12,'2018-11-03','13:00:00',33,25,2,0);
INSERT INTO Spiel VALUES (410,12,'2018-11-03','13:00:00',30,35,3,1);
INSERT INTO Spiel VALUES (411,12,'2018-11-04','13:30:00',32,22,1,2);
INSERT INTO Spiel VALUES (412,12,'2018-11-04','13:30:00',26,21,1,1);
INSERT INTO Spiel VALUES (413,12,'2018-11-04','13:30:00',29,31,1,0);
INSERT INTO Spiel VALUES (414,12,'2018-11-05','20:30:00',19,20,1,0);
INSERT INTO Spiel VALUES (415,13,'2018-11-09','18:30:00',34,33,0,0);
INSERT INTO Spiel VALUES (416,13,'2018-11-09','18:30:00',25,27,4,4);
INSERT INTO Spiel VALUES (417,13,'2018-11-10','13:00:00',20,28,8,1);
INSERT INTO Spiel VALUES (418,13,'2018-11-10','13:00:00',22,29,1,1);
INSERT INTO Spiel VALUES (419,13,'2018-11-10','13:00:00',31,19,1,3);
INSERT INTO Spiel VALUES (420,13,'2018-11-11','13:30:00',21,24,4,0);
INSERT INTO Spiel VALUES (421,13,'2018-11-11','13:30:00',36,32,1,1);
INSERT INTO Spiel VALUES (422,13,'2018-11-11','13:30:00',35,26,2,3);
INSERT INTO Spiel VALUES (423,13,'2018-11-12','20:30:00',23,30,1,0);
INSERT INTO Spiel VALUES (424,14,'2018-11-23','18:30:00',32,33,0,1);
INSERT INTO Spiel VALUES (425,14,'2018-11-23','18:30:00',24,35,3,2);
INSERT INTO Spiel VALUES (426,14,'2018-11-24','13:00:00',27,34,2,1);
INSERT INTO Spiel VALUES (427,14,'2018-11-24','13:00:00',23,31,2,1);
INSERT INTO Spiel VALUES (428,14,'2018-11-24','13:00:00',30,20,0,3);
INSERT INTO Spiel VALUES (429,14,'2018-11-25','13:30:00',26,22,1,1);
INSERT INTO Spiel VALUES (430,14,'2018-11-25','13:30:00',29,25,1,5);
INSERT INTO Spiel VALUES (431,14,'2018-11-25','13:30:00',28,36,2,0);
INSERT INTO Spiel VALUES (432,14,'2018-11-26','20:30:00',19,21,2,2);
INSERT INTO Spiel VALUES (478,20,'2019-02-01','18:30:00',33,30,0,0);
INSERT INTO Spiel VALUES (479,20,'2019-02-01','18:30:00',36,35,0,0);
INSERT INTO Spiel VALUES (480,20,'2019-02-02','13:00:00',32,19,0,0);
INSERT INTO Spiel VALUES (481,20,'2019-02-02','13:00:00',29,28,0,0);
INSERT INTO Spiel VALUES (482,20,'2019-02-02','13:00:00',25,24,0,0);
INSERT INTO Spiel VALUES (483,20,'2019-02-03','13:30:00',27,26,0,0);
INSERT INTO Spiel VALUES (484,20,'2019-02-03','13:30:00',34,23,0,0);
INSERT INTO Spiel VALUES (485,20,'2019-02-03','13:30:00',31,20,0,0);
INSERT INTO Spiel VALUES (486,20,'2019-02-04','20:30:00',22,21,0,0);
INSERT INTO Spiel VALUES (487,21,'2019-02-08','18:30:00',20,22,0,0);
INSERT INTO Spiel VALUES (488,21,'2019-02-08','18:30:00',26,32,0,0);
INSERT INTO Spiel VALUES (489,21,'2019-02-09','13:00:00',23,25,0,0);
INSERT INTO Spiel VALUES (490,21,'2019-02-09','13:00:00',21,34,0,0);
INSERT INTO Spiel VALUES (491,21,'2019-02-09','13:00:00',24,33,0,0);
INSERT INTO Spiel VALUES (492,21,'2019-02-10','13:30:00',30,29,0,0);
INSERT INTO Spiel VALUES (493,21,'2019-02-10','13:30:00',31,36,0,0);
INSERT INTO Spiel VALUES (494,21,'2019-02-10','13:30:00',35,27,0,0);
INSERT INTO Spiel VALUES (495,21,'2019-02-11','20:30:00',19,28,0,0);
INSERT INTO Spiel VALUES (496,22,'2019-02-17','13:30:00',27,24,0,0);
INSERT INTO Spiel VALUES (497,22,'2019-02-17','13:30:00',32,35,0,0);
INSERT INTO Spiel VALUES (498,22,'2019-02-17','13:30:00',33,21,0,0);
INSERT INTO Spiel VALUES (499,22,'2019-02-17','13:30:00',36,23,0,0);
INSERT INTO Spiel VALUES (500,22,'2019-02-17','13:30:00',34,30,0,0);
INSERT INTO Spiel VALUES (501,22,'2019-02-17','13:30:00',22,31,0,0);
INSERT INTO Spiel VALUES (502,22,'2019-02-17','13:30:00',29,19,0,0);
INSERT INTO Spiel VALUES (503,22,'2019-02-17','13:30:00',28,26,0,0);
INSERT INTO Spiel VALUES (504,22,'2019-02-17','13:30:00',25,20,0,0);
INSERT INTO Spiel VALUES (505,23,'2019-02-24','13:30:00',20,34,0,0);
INSERT INTO Spiel VALUES (506,23,'2019-02-24','13:30:00',26,19,0,0);
INSERT INTO Spiel VALUES (507,23,'2019-02-24','13:30:00',23,27,0,0);
INSERT INTO Spiel VALUES (508,23,'2019-02-24','13:30:00',21,32,0,0);
INSERT INTO Spiel VALUES (509,23,'2019-02-24','13:30:00',30,28,0,0);
INSERT INTO Spiel VALUES (510,23,'2019-02-24','13:30:00',22,36,0,0);
INSERT INTO Spiel VALUES (511,23,'2019-02-24','13:30:00',24,29,0,0);
INSERT INTO Spiel VALUES (512,23,'2019-02-24','13:30:00',31,33,0,0);
INSERT INTO Spiel VALUES (513,23,'2019-02-24','13:30:00',35,25,0,0);
INSERT INTO Spiel VALUES (514,24,'2019-03-03','13:30:00',19,24,0,0);
INSERT INTO Spiel VALUES (515,24,'2019-03-03','13:30:00',27,21,0,0);
INSERT INTO Spiel VALUES (516,24,'2019-03-03','13:30:00',32,30,0,0);
INSERT INTO Spiel VALUES (517,24,'2019-03-03','13:30:00',33,35,0,0);
INSERT INTO Spiel VALUES (518,24,'2019-03-03','13:30:00',36,20,0,0);
INSERT INTO Spiel VALUES (519,24,'2019-03-03','13:30:00',34,31,0,0);
INSERT INTO Spiel VALUES (520,24,'2019-03-03','13:30:00',29,26,0,0);
INSERT INTO Spiel VALUES (521,24,'2019-03-03','13:30:00',28,23,0,0);
INSERT INTO Spiel VALUES (522,24,'2019-03-03','13:30:00',25,22,0,0);
INSERT INTO Spiel VALUES (523,25,'2019-03-10','13:30:00',20,32,0,0);
INSERT INTO Spiel VALUES (524,25,'2019-03-10','13:30:00',26,33,0,0);
INSERT INTO Spiel VALUES (525,25,'2019-03-10','13:30:00',23,29,0,0);
INSERT INTO Spiel VALUES (526,25,'2019-03-10','13:30:00',21,36,0,0);
INSERT INTO Spiel VALUES (527,25,'2019-03-10','13:30:00',30,27,0,0);
INSERT INTO Spiel VALUES (528,25,'2019-03-10','13:30:00',22,19,0,0);
INSERT INTO Spiel VALUES (529,25,'2019-03-10','13:30:00',24,28,0,0);
INSERT INTO Spiel VALUES (530,25,'2019-03-10','13:30:00',31,25,0,0);
INSERT INTO Spiel VALUES (531,25,'2019-03-10','13:30:00',35,34,0,0);
INSERT INTO Spiel VALUES (532,26,'2019-03-17','13:30:00',19,30,0,0);
INSERT INTO Spiel VALUES (533,26,'2019-03-17','13:30:00',27,31,0,0);
INSERT INTO Spiel VALUES (534,26,'2019-03-17','13:30:00',32,23,0,0);
INSERT INTO Spiel VALUES (535,26,'2019-03-17','13:30:00',26,24,0,0);
INSERT INTO Spiel VALUES (536,26,'2019-03-17','13:30:00',33,20,0,0);
INSERT INTO Spiel VALUES (537,26,'2019-03-17','13:30:00',34,22,0,0);
INSERT INTO Spiel VALUES (538,26,'2019-03-17','13:30:00',29,21,0,0);
INSERT INTO Spiel VALUES (539,26,'2019-03-17','13:30:00',28,35,0,0);
INSERT INTO Spiel VALUES (540,26,'2019-03-17','13:30:00',25,36,0,0);
INSERT INTO Spiel VALUES (541,27,'2019-03-31','13:30:00',20,27,0,0);
INSERT INTO Spiel VALUES (542,27,'2019-03-31','13:30:00',23,19,0,0);
INSERT INTO Spiel VALUES (543,27,'2019-03-31','13:30:00',21,25,0,0);
INSERT INTO Spiel VALUES (544,27,'2019-03-31','13:30:00',36,34,0,0);
INSERT INTO Spiel VALUES (545,27,'2019-03-31','13:30:00',30,26,0,0);
INSERT INTO Spiel VALUES (546,27,'2019-03-31','13:30:00',22,33,0,0);
INSERT INTO Spiel VALUES (547,27,'2019-03-31','13:30:00',24,32,0,0);
INSERT INTO Spiel VALUES (548,27,'2019-03-31','13:30:00',31,28,0,0);
INSERT INTO Spiel VALUES (549,27,'2019-03-31','13:30:00',35,29,0,0);
INSERT INTO Spiel VALUES (550,28,'2019-04-07','13:30:00',19,35,0,0);
INSERT INTO Spiel VALUES (551,28,'2019-04-07','13:30:00',27,22,0,0);
INSERT INTO Spiel VALUES (552,28,'2019-04-07','13:30:00',32,31,0,0);
INSERT INTO Spiel VALUES (553,28,'2019-04-07','13:30:00',26,23,0,0);
INSERT INTO Spiel VALUES (554,28,'2019-04-07','13:30:00',33,36,0,0);
INSERT INTO Spiel VALUES (555,28,'2019-04-07','13:30:00',34,25,0,0);
INSERT INTO Spiel VALUES (556,28,'2019-04-07','13:30:00',29,20,0,0);
INSERT INTO Spiel VALUES (557,28,'2019-04-07','13:30:00',28,21,0,0);
INSERT INTO Spiel VALUES (558,28,'2019-04-07','13:30:00',24,30,0,0);
INSERT INTO Spiel VALUES (559,29,'2019-04-14','13:30:00',20,19,0,0);
INSERT INTO Spiel VALUES (560,29,'2019-04-14','13:30:00',23,24,0,0);
INSERT INTO Spiel VALUES (561,29,'2019-04-14','13:30:00',21,26,0,0);
INSERT INTO Spiel VALUES (562,29,'2019-04-14','13:30:00',36,27,0,0);
INSERT INTO Spiel VALUES (563,29,'2019-04-14','13:30:00',34,28,0,0);
INSERT INTO Spiel VALUES (564,29,'2019-04-14','13:30:00',22,32,0,0);
INSERT INTO Spiel VALUES (565,29,'2019-04-14','13:30:00',31,29,0,0);
INSERT INTO Spiel VALUES (566,29,'2019-04-14','13:30:00',35,30,0,0);
INSERT INTO Spiel VALUES (567,29,'2019-04-14','13:30:00',25,33,0,0);
INSERT INTO Spiel VALUES (568,30,'2019-04-21','13:30:00',19,31,0,0);
INSERT INTO Spiel VALUES (569,30,'2019-04-21','13:30:00',27,25,0,0);
INSERT INTO Spiel VALUES (570,30,'2019-04-21','13:30:00',32,36,0,0);
INSERT INTO Spiel VALUES (571,30,'2019-04-21','13:30:00',26,35,0,0);
INSERT INTO Spiel VALUES (572,30,'2019-04-21','13:30:00',33,34,0,0);
INSERT INTO Spiel VALUES (573,30,'2019-04-21','13:30:00',30,23,0,0);
INSERT INTO Spiel VALUES (574,30,'2019-04-21','13:30:00',29,22,0,0);
INSERT INTO Spiel VALUES (575,30,'2019-04-21','13:30:00',28,20,0,0);
INSERT INTO Spiel VALUES (576,30,'2019-04-21','13:30:00',24,21,0,0);
INSERT INTO Spiel VALUES (577,31,'2019-04-28','13:30:00',20,30,0,0);
INSERT INTO Spiel VALUES (578,31,'2019-04-28','13:30:00',33,32,0,0);
INSERT INTO Spiel VALUES (579,31,'2019-04-28','13:30:00',21,19,0,0);
INSERT INTO Spiel VALUES (580,31,'2019-04-28','13:30:00',36,28,0,0);
INSERT INTO Spiel VALUES (581,31,'2019-04-28','13:30:00',34,27,0,0);
INSERT INTO Spiel VALUES (582,31,'2019-04-28','13:30:00',22,26,0,0);
INSERT INTO Spiel VALUES (583,31,'2019-04-28','13:30:00',31,23,0,0);
INSERT INTO Spiel VALUES (584,31,'2019-04-28','13:30:00',35,24,0,0);
INSERT INTO Spiel VALUES (585,31,'2019-04-28','13:30:00',25,29,0,0);
INSERT INTO Spiel VALUES (586,32,'2019-05-05','13:30:00',19,36,0,0);
INSERT INTO Spiel VALUES (587,32,'2019-05-05','13:30:00',27,33,0,0);
INSERT INTO Spiel VALUES (588,32,'2019-05-05','13:30:00',32,25,0,0);
INSERT INTO Spiel VALUES (589,32,'2019-05-05','13:30:00',26,31,0,0);
INSERT INTO Spiel VALUES (590,32,'2019-05-05','13:30:00',23,35,0,0);
INSERT INTO Spiel VALUES (591,32,'2019-05-05','13:30:00',30,21,0,0);
INSERT INTO Spiel VALUES (592,32,'2019-05-05','13:30:00',29,34,0,0);
INSERT INTO Spiel VALUES (593,32,'2019-05-05','13:30:00',28,22,0,0);
INSERT INTO Spiel VALUES (594,32,'2019-05-05','13:30:00',24,20,0,0);
INSERT INTO Spiel VALUES (595,33,'2019-05-12','15:30:00',20,26,0,0);
INSERT INTO Spiel VALUES (596,33,'2019-05-12','15:30:00',27,28,0,0);
INSERT INTO Spiel VALUES (597,33,'2019-05-12','15:30:00',33,29,0,0);
INSERT INTO Spiel VALUES (598,33,'2019-05-12','15:30:00',21,35,0,0);
INSERT INTO Spiel VALUES (599,33,'2019-05-12','15:30:00',36,30,0,0);
INSERT INTO Spiel VALUES (600,33,'2019-05-12','15:30:00',34,32,0,0);
INSERT INTO Spiel VALUES (601,33,'2019-05-12','15:30:00',22,23,0,0);
INSERT INTO Spiel VALUES (602,33,'2019-05-12','15:30:00',31,24,0,0);
INSERT INTO Spiel VALUES (603,33,'2019-05-12','15:30:00',25,19,0,0);
INSERT INTO Spiel VALUES (604,34,'2019-05-19','15:30:00',19,33,0,0);
INSERT INTO Spiel VALUES (605,34,'2019-05-19','15:30:00',32,27,0,0);
INSERT INTO Spiel VALUES (606,34,'2019-05-19','15:30:00',26,34,0,0);
INSERT INTO Spiel VALUES (607,34,'2019-05-19','15:30:00',23,21,0,0);
INSERT INTO Spiel VALUES (608,34,'2019-05-19','15:30:00',30,31,0,0);
INSERT INTO Spiel VALUES (609,34,'2019-05-19','15:30:00',29,36,0,0);
INSERT INTO Spiel VALUES (610,34,'2019-05-19','15:30:00',28,25,0,0);
INSERT INTO Spiel VALUES (611,34,'2019-05-19','15:30:00',24,22,0,0);
INSERT INTO Spiel VALUES (612,34,'2019-05-19','15:30:00',35,20,0,0);
INSERT INTO Spiel VALUES (613,1,'2018-07-27','19:00:00',56,39,1,1);
INSERT INTO Spiel VALUES (614,1,'2018-07-28','14:00:00',54,44,1,2);
INSERT INTO Spiel VALUES (615,1,'2018-07-28','14:00:00',37,48,2,1);
INSERT INTO Spiel VALUES (616,1,'2018-07-28','14:00:00',46,47,1,0);
INSERT INTO Spiel VALUES (617,1,'2018-07-28','14:00:00',49,42,2,0);
INSERT INTO Spiel VALUES (618,1,'2018-07-28','14:00:00',52,38,1,4);
INSERT INTO Spiel VALUES (619,1,'2018-07-28','14:00:00',53,50,3,2);
INSERT INTO Spiel VALUES (620,1,'2018-07-29','13:00:00',51,43,3,0);
INSERT INTO Spiel VALUES (621,1,'2018-07-29','14:00:00',40,41,1,3);
INSERT INTO Spiel VALUES (622,1,'2018-07-30','19:00:00',45,55,0,0);
INSERT INTO Spiel VALUES (623,2,'2018-08-03','19:00:00',43,56,2,0);
INSERT INTO Spiel VALUES (624,2,'2018-08-04','14:00:00',41,54,0,0);
INSERT INTO Spiel VALUES (625,2,'2018-08-04','14:00:00',48,40,0,2);
INSERT INTO Spiel VALUES (626,2,'2018-08-04','14:00:00',47,45,5,1);
INSERT INTO Spiel VALUES (627,2,'2018-08-04','14:00:00',50,46,1,1);
INSERT INTO Spiel VALUES (628,2,'2018-08-04','14:00:00',38,53,1,2);
INSERT INTO Spiel VALUES (629,2,'2018-08-04','14:00:00',39,49,1,1);
INSERT INTO Spiel VALUES (630,2,'2018-08-04','14:00:00',42,52,1,2);
INSERT INTO Spiel VALUES (631,2,'2018-08-05','13:00:00',44,51,0,2);
INSERT INTO Spiel VALUES (632,2,'2018-08-05','14:00:00',55,37,0,2);
INSERT INTO Spiel VALUES (633,3,'2018-08-07','19:00:00',53,42,0,3);
INSERT INTO Spiel VALUES (634,3,'2018-08-07','19:00:00',46,38,1,2);
INSERT INTO Spiel VALUES (635,3,'2018-08-07','19:00:00',54,48,3,2);
INSERT INTO Spiel VALUES (636,3,'2018-08-07','19:00:00',56,49,1,1);
INSERT INTO Spiel VALUES (637,3,'2018-08-07','19:00:00',52,39,0,1);
INSERT INTO Spiel VALUES (638,3,'2018-08-08','19:00:00',40,55,3,2);
INSERT INTO Spiel VALUES (639,3,'2018-08-08','19:00:00',37,47,2,2);
INSERT INTO Spiel VALUES (640,3,'2018-08-08','19:00:00',51,41,2,2);
INSERT INTO Spiel VALUES (641,3,'2018-08-08','19:00:00',45,50,0,2);
INSERT INTO Spiel VALUES (642,3,'2018-08-08','19:00:00',43,44,3,2);
INSERT INTO Spiel VALUES (643,4,'2018-08-10','19:00:00',39,53,1,1);
INSERT INTO Spiel VALUES (644,4,'2018-08-11','14:00:00',50,37,0,0);
INSERT INTO Spiel VALUES (645,4,'2018-08-11','14:00:00',41,43,2,1);
INSERT INTO Spiel VALUES (646,4,'2018-08-11','14:00:00',55,54,1,0);
INSERT INTO Spiel VALUES (647,4,'2018-08-11','14:00:00',44,56,3,3);
INSERT INTO Spiel VALUES (648,4,'2018-08-11','14:00:00',42,46,2,0);
INSERT INTO Spiel VALUES (649,4,'2018-08-11','14:00:00',49,52,1,0);
INSERT INTO Spiel VALUES (650,4,'2018-08-12','13:00:00',47,40,0,1);
INSERT INTO Spiel VALUES (651,4,'2018-08-12','14:00:00',48,51,3,1);
INSERT INTO Spiel VALUES (652,4,'2018-08-13','19:00:00',38,45,1,0);
INSERT INTO Spiel VALUES (653,5,'2018-08-24','19:00:00',40,50,0,0);
INSERT INTO Spiel VALUES (654,5,'2018-08-25','14:00:00',54,47,1,4);
INSERT INTO Spiel VALUES (655,5,'2018-08-25','14:00:00',44,41,1,2);
INSERT INTO Spiel VALUES (656,5,'2018-08-25','14:00:00',43,48,0,4);
INSERT INTO Spiel VALUES (657,5,'2018-08-25','14:00:00',37,38,3,0);
INSERT INTO Spiel VALUES (658,5,'2018-08-25','14:00:00',46,39,0,0);
INSERT INTO Spiel VALUES (659,5,'2018-08-25','14:00:00',51,55,1,1);
INSERT INTO Spiel VALUES (660,5,'2018-08-26','13:00:00',45,42,0,1);
INSERT INTO Spiel VALUES (661,5,'2018-08-26','14:00:00',56,52,0,2);
INSERT INTO Spiel VALUES (662,5,'2018-08-27','19:00:00',53,49,2,1);
INSERT INTO Spiel VALUES (663,6,'2018-08-31','19:00:00',47,51,2,0);
INSERT INTO Spiel VALUES (664,6,'2018-09-01','14:00:00',41,56,3,0);
INSERT INTO Spiel VALUES (665,6,'2018-09-01','14:00:00',42,37,1,1);
INSERT INTO Spiel VALUES (666,6,'2018-09-01','14:00:00',48,44,3,1);
INSERT INTO Spiel VALUES (667,6,'2018-09-01','14:00:00',38,40,0,1);
INSERT INTO Spiel VALUES (668,6,'2018-09-01','14:00:00',55,43,1,3);
INSERT INTO Spiel VALUES (669,6,'2018-09-01','14:00:00',39,45,1,3);
INSERT INTO Spiel VALUES (670,6,'2018-09-02','13:00:00',49,46,1,1);
INSERT INTO Spiel VALUES (671,6,'2018-09-02','14:00:00',52,53,2,0);
INSERT INTO Spiel VALUES (672,6,'2018-09-03','19:00:00',50,54,1,1);
INSERT INTO Spiel VALUES (673,7,'2018-09-14','19:00:00',56,53,2,0);
INSERT INTO Spiel VALUES (674,7,'2018-09-15','14:00:00',37,39,0,1);
INSERT INTO Spiel VALUES (675,7,'2018-09-15','14:00:00',43,47,2,2);
INSERT INTO Spiel VALUES (676,7,'2018-09-15','14:00:00',51,50,0,0);
INSERT INTO Spiel VALUES (677,7,'2018-09-15','14:00:00',44,55,3,0);
INSERT INTO Spiel VALUES (678,7,'2018-09-15','14:00:00',40,42,2,1);
INSERT INTO Spiel VALUES (679,7,'2018-09-15','14:00:00',54,38,4,1);
INSERT INTO Spiel VALUES (680,7,'2018-09-16','13:00:00',45,49,2,1);
INSERT INTO Spiel VALUES (681,7,'2018-09-16','14:00:00',41,48,0,1);
INSERT INTO Spiel VALUES (682,7,'2018-09-17','19:00:00',46,52,3,3);
INSERT INTO Spiel VALUES (683,8,'2018-09-21','19:00:00',38,51,3,0);
INSERT INTO Spiel VALUES (684,8,'2018-09-22','14:00:00',50,43,0,0);
INSERT INTO Spiel VALUES (685,8,'2018-09-22','14:00:00',52,45,1,1);
INSERT INTO Spiel VALUES (686,8,'2018-09-22','14:00:00',55,41,3,3);
INSERT INTO Spiel VALUES (687,8,'2018-09-22','14:00:00',53,46,3,3);
INSERT INTO Spiel VALUES (688,8,'2018-09-22','14:00:00',48,56,1,1);
INSERT INTO Spiel VALUES (689,8,'2018-09-22','14:00:00',47,44,1,2);
INSERT INTO Spiel VALUES (690,8,'2018-09-22','14:00:00',39,40,2,0);
INSERT INTO Spiel VALUES (691,8,'2018-09-23','13:00:00',49,37,0,1);
INSERT INTO Spiel VALUES (692,8,'2018-09-23','14:00:00',42,54,1,0);
INSERT INTO Spiel VALUES (693,9,'2018-09-25','19:00:00',43,38,1,4);
INSERT INTO Spiel VALUES (694,9,'2018-09-25','19:00:00',44,50,2,0);
INSERT INTO Spiel VALUES (695,9,'2018-09-25','19:00:00',45,53,2,0);
INSERT INTO Spiel VALUES (696,9,'2018-09-25','19:00:00',48,55,2,1);
INSERT INTO Spiel VALUES (697,9,'2018-09-25','19:00:00',56,46,1,4);
INSERT INTO Spiel VALUES (698,9,'2018-09-26','19:00:00',41,47,1,1);
INSERT INTO Spiel VALUES (699,9,'2018-09-26','19:00:00',54,39,1,3);
INSERT INTO Spiel VALUES (700,9,'2018-09-26','19:00:00',37,52,1,0);
INSERT INTO Spiel VALUES (701,9,'2018-09-26','19:00:00',40,49,1,2);
INSERT INTO Spiel VALUES (702,9,'2018-10-10','19:00:00',51,42,1,2);
INSERT INTO Spiel VALUES (703,10,'2018-09-28','19:00:00',38,44,3,0);
INSERT INTO Spiel VALUES (704,10,'2018-09-29','14:00:00',55,56,4,2);
INSERT INTO Spiel VALUES (705,10,'2018-09-29','14:00:00',50,41,1,1);
INSERT INTO Spiel VALUES (706,10,'2018-09-29','14:00:00',46,45,2,1);
INSERT INTO Spiel VALUES (707,10,'2018-09-29','14:00:00',39,51,2,0);
INSERT INTO Spiel VALUES (708,10,'2018-09-29','14:00:00',52,40,1,2);
INSERT INTO Spiel VALUES (709,10,'2018-09-30','13:00:00',53,37,0,0);
INSERT INTO Spiel VALUES (710,10,'2018-09-30','14:00:00',49,54,2,3);
INSERT INTO Spiel VALUES (711,10,'2018-10-01','19:00:00',47,48,1,1);
INSERT INTO Spiel VALUES (712,10,'2018-10-16','19:00:00',42,43,0,1);
INSERT INTO Spiel VALUES (713,11,'2018-10-05','19:00:00',43,39,1,0);
INSERT INTO Spiel VALUES (714,11,'2018-10-06','14:00:00',41,38,1,1);
INSERT INTO Spiel VALUES (715,11,'2018-10-06','14:00:00',37,46,2,0);
INSERT INTO Spiel VALUES (716,11,'2018-10-06','14:00:00',51,49,2,1);
INSERT INTO Spiel VALUES (717,11,'2018-10-06','14:00:00',40,53,2,1);
INSERT INTO Spiel VALUES (718,11,'2018-10-06','14:00:00',56,45,2,2);
INSERT INTO Spiel VALUES (719,11,'2018-10-06','14:00:00',54,52,0,1);
INSERT INTO Spiel VALUES (720,11,'2018-10-07','13:00:00',55,47,1,0);
INSERT INTO Spiel VALUES (721,11,'2018-10-07','14:00:00',44,42,2,0);
INSERT INTO Spiel VALUES (722,11,'2018-10-08','19:00:00',48,50,0,0);
INSERT INTO Spiel VALUES (723,12,'2018-10-19','19:00:00',53,54,0,0);
INSERT INTO Spiel VALUES (724,12,'2018-10-20','14:00:00',46,40,2,0);
INSERT INTO Spiel VALUES (725,12,'2018-10-20','14:00:00',47,56,2,0);
INSERT INTO Spiel VALUES (726,12,'2018-10-20','14:00:00',45,37,0,0);
INSERT INTO Spiel VALUES (727,12,'2018-10-20','14:00:00',50,55,1,0);
INSERT INTO Spiel VALUES (728,12,'2018-10-20','14:00:00',52,51,3,1);
INSERT INTO Spiel VALUES (729,12,'2018-10-20','14:00:00',42,41,1,1);
INSERT INTO Spiel VALUES (730,12,'2018-10-21','13:00:00',49,43,2,2);
INSERT INTO Spiel VALUES (731,12,'2018-10-21','14:00:00',39,44,2,5);
INSERT INTO Spiel VALUES (732,12,'2018-10-21','14:00:00',38,48,1,0);
INSERT INTO Spiel VALUES (733,13,'2018-10-26','19:00:00',56,37,3,4);
INSERT INTO Spiel VALUES (734,13,'2018-10-27','14:00:00',43,52,3,1);
INSERT INTO Spiel VALUES (735,13,'2018-10-27','14:00:00',40,45,0,2);
INSERT INTO Spiel VALUES (736,13,'2018-10-27','14:00:00',44,49,0,0);
INSERT INTO Spiel VALUES (737,13,'2018-10-27','14:00:00',41,39,0,0);
INSERT INTO Spiel VALUES (738,13,'2018-10-27','14:00:00',51,53,2,1);
INSERT INTO Spiel VALUES (739,13,'2018-10-27','14:00:00',48,42,1,2);
INSERT INTO Spiel VALUES (740,13,'2018-10-28','13:00:00',47,50,2,2);
INSERT INTO Spiel VALUES (741,13,'2018-10-28','14:00:00',55,38,1,2);
INSERT INTO Spiel VALUES (742,13,'2018-10-29','19:00:00',54,46,1,2);
INSERT INTO Spiel VALUES (743,14,'2018-11-02','19:00:00',46,51,0,2);
INSERT INTO Spiel VALUES (744,14,'2018-11-03','14:00:00',53,43,1,1);
INSERT INTO Spiel VALUES (745,14,'2018-11-03','14:00:00',45,54,1,1);
INSERT INTO Spiel VALUES (746,14,'2018-11-03','14:00:00',38,47,0,0);
INSERT INTO Spiel VALUES (747,14,'2018-11-03','14:00:00',39,48,2,1);
INSERT INTO Spiel VALUES (748,14,'2018-11-03','14:00:00',50,56,1,1);
INSERT INTO Spiel VALUES (749,14,'2018-11-03','14:00:00',49,41,2,2);
INSERT INTO Spiel VALUES (750,14,'2018-11-04','13:00:00',42,55,2,1);
INSERT INTO Spiel VALUES (751,14,'2018-11-04','14:00:00',52,44,0,7);
INSERT INTO Spiel VALUES (752,14,'2018-11-05','19:00:00',37,40,2,1);
INSERT INTO Spiel VALUES (753,15,'2018-11-09','19:00:00',48,49,0,2);
INSERT INTO Spiel VALUES (754,15,'2018-11-10','14:00:00',56,40,0,2);
INSERT INTO Spiel VALUES (755,15,'2018-11-10','14:00:00',47,42,1,1);
INSERT INTO Spiel VALUES (756,15,'2018-11-10','14:00:00',55,39,2,3);
INSERT INTO Spiel VALUES (757,15,'2018-11-10','14:00:00',54,37,1,1);
INSERT INTO Spiel VALUES (758,15,'2018-11-10','14:00:00',43,46,4,1);
INSERT INTO Spiel VALUES (759,15,'2018-11-10','14:00:00',51,45,2,2);
INSERT INTO Spiel VALUES (760,15,'2018-11-11','13:00:00',41,52,6,0);
INSERT INTO Spiel VALUES (761,15,'2018-11-11','14:00:00',50,38,3,1);
INSERT INTO Spiel VALUES (762,15,'2018-11-12','19:00:00',44,53,2,3);
INSERT INTO Spiel VALUES (763,16,'2018-11-23','19:00:00',45,43,1,0);
INSERT INTO Spiel VALUES (764,16,'2018-11-24','14:00:00',53,41,4,5);
INSERT INTO Spiel VALUES (765,16,'2018-11-24','14:00:00',42,50,2,0);
INSERT INTO Spiel VALUES (766,16,'2018-11-24','14:00:00',52,48,0,0);
INSERT INTO Spiel VALUES (767,16,'2018-11-24','14:00:00',40,54,2,0);
INSERT INTO Spiel VALUES (768,16,'2018-11-24','14:00:00',49,55,1,1);
INSERT INTO Spiel VALUES (769,16,'2018-11-24','14:00:00',37,51,3,1);
INSERT INTO Spiel VALUES (770,16,'2018-11-25','13:00:00',39,47,3,2);
INSERT INTO Spiel VALUES (771,16,'2018-11-25','14:00:00',46,44,0,0);
INSERT INTO Spiel VALUES (772,16,'2018-11-26','19:00:00',38,56,3,0);
INSERT INTO Spiel VALUES (823,22,'2019-02-01','19:00:00',38,46,0,0);
INSERT INTO Spiel VALUES (824,22,'2019-02-02','14:00:00',47,37,0,0);
INSERT INTO Spiel VALUES (825,22,'2019-02-02','14:00:00',39,52,0,0);
INSERT INTO Spiel VALUES (826,22,'2019-02-02','14:00:00',42,53,0,0);
INSERT INTO Spiel VALUES (827,22,'2019-02-02','14:00:00',55,40,0,0);
INSERT INTO Spiel VALUES (828,22,'2019-02-02','14:00:00',48,54,0,0);
INSERT INTO Spiel VALUES (829,22,'2019-02-02','14:00:00',50,45,0,0);
INSERT INTO Spiel VALUES (830,22,'2019-02-03','13:00:00',44,43,0,0);
INSERT INTO Spiel VALUES (831,22,'2019-02-03','14:00:00',41,51,0,0);
INSERT INTO Spiel VALUES (832,22,'2019-02-04','19:00:00',49,56,0,0);
INSERT INTO Spiel VALUES (833,23,'2019-02-08','19:00:00',37,50,0,0);
INSERT INTO Spiel VALUES (834,23,'2019-02-09','14:00:00',40,47,0,0);
INSERT INTO Spiel VALUES (835,23,'2019-02-09','14:00:00',43,41,0,0);
INSERT INTO Spiel VALUES (836,23,'2019-02-09','14:00:00',52,49,0,0);
INSERT INTO Spiel VALUES (837,23,'2019-02-09','14:00:00',46,42,0,0);
INSERT INTO Spiel VALUES (838,23,'2019-02-09','14:00:00',53,39,0,0);
INSERT INTO Spiel VALUES (839,23,'2019-02-09','14:00:00',51,48,0,0);
INSERT INTO Spiel VALUES (840,23,'2019-02-10','13:00:00',54,55,0,0);
INSERT INTO Spiel VALUES (841,23,'2019-02-10','14:00:00',56,44,0,0);
INSERT INTO Spiel VALUES (842,23,'2019-02-11','19:00:00',45,38,0,0);
INSERT INTO Spiel VALUES (843,24,'2019-02-16','14:00:00',52,56,0,0);
INSERT INTO Spiel VALUES (844,24,'2019-02-16','14:00:00',39,46,0,0);
INSERT INTO Spiel VALUES (845,24,'2019-02-16','14:00:00',48,43,0,0);
INSERT INTO Spiel VALUES (846,24,'2019-02-16','14:00:00',55,51,0,0);
INSERT INTO Spiel VALUES (847,24,'2019-02-16','14:00:00',50,40,0,0);
INSERT INTO Spiel VALUES (848,24,'2019-02-16','14:00:00',42,45,0,0);
INSERT INTO Spiel VALUES (849,24,'2019-02-16','14:00:00',41,44,0,0);
INSERT INTO Spiel VALUES (850,24,'2019-02-16','14:00:00',49,53,0,0);
INSERT INTO Spiel VALUES (851,24,'2019-02-16','14:00:00',38,37,0,0);
INSERT INTO Spiel VALUES (852,24,'2019-02-16','14:00:00',47,54,0,0);
INSERT INTO Spiel VALUES (853,25,'2019-02-23','14:00:00',56,41,0,0);
INSERT INTO Spiel VALUES (854,25,'2019-02-23','14:00:00',43,55,0,0);
INSERT INTO Spiel VALUES (855,25,'2019-02-23','14:00:00',45,39,0,0);
INSERT INTO Spiel VALUES (856,25,'2019-02-23','14:00:00',51,47,0,0);
INSERT INTO Spiel VALUES (857,25,'2019-02-23','14:00:00',44,48,0,0);
INSERT INTO Spiel VALUES (858,25,'2019-02-23','14:00:00',54,50,0,0);
INSERT INTO Spiel VALUES (859,25,'2019-02-23','14:00:00',46,49,0,0);
INSERT INTO Spiel VALUES (860,25,'2019-02-23','14:00:00',40,38,0,0);
INSERT INTO Spiel VALUES (861,25,'2019-02-23','14:00:00',37,42,0,0);
INSERT INTO Spiel VALUES (862,25,'2019-02-23','14:00:00',53,52,0,0);
INSERT INTO Spiel VALUES (863,26,'2019-03-02','14:00:00',50,51,0,0);
INSERT INTO Spiel VALUES (864,26,'2019-03-02','14:00:00',52,46,0,0);
INSERT INTO Spiel VALUES (865,26,'2019-03-02','14:00:00',48,41,0,0);
INSERT INTO Spiel VALUES (866,26,'2019-03-02','14:00:00',42,40,0,0);
INSERT INTO Spiel VALUES (867,26,'2019-03-02','14:00:00',49,45,0,0);
INSERT INTO Spiel VALUES (868,26,'2019-03-02','14:00:00',47,43,0,0);
INSERT INTO Spiel VALUES (869,26,'2019-03-02','14:00:00',53,56,0,0);
INSERT INTO Spiel VALUES (870,26,'2019-03-02','14:00:00',39,37,0,0);
INSERT INTO Spiel VALUES (871,26,'2019-03-02','14:00:00',38,54,0,0);
INSERT INTO Spiel VALUES (872,26,'2019-03-02','14:00:00',55,44,0,0);
INSERT INTO Spiel VALUES (873,27,'2019-03-09','14:00:00',51,38,0,0);
INSERT INTO Spiel VALUES (874,27,'2019-03-09','14:00:00',43,50,0,0);
INSERT INTO Spiel VALUES (875,27,'2019-03-09','14:00:00',37,49,0,0);
INSERT INTO Spiel VALUES (876,27,'2019-03-09','14:00:00',45,52,0,0);
INSERT INTO Spiel VALUES (877,27,'2019-03-09','14:00:00',44,47,0,0);
INSERT INTO Spiel VALUES (878,27,'2019-03-09','14:00:00',56,48,0,0);
INSERT INTO Spiel VALUES (879,27,'2019-03-09','14:00:00',41,55,0,0);
INSERT INTO Spiel VALUES (880,27,'2019-03-09','14:00:00',46,53,0,0);
INSERT INTO Spiel VALUES (881,27,'2019-03-09','14:00:00',40,39,0,0);
INSERT INTO Spiel VALUES (882,27,'2019-03-09','14:00:00',54,42,0,0);
INSERT INTO Spiel VALUES (883,28,'2019-03-13','14:00:00',52,37,0,0);
INSERT INTO Spiel VALUES (884,28,'2019-03-13','14:00:00',55,48,0,0);
INSERT INTO Spiel VALUES (885,28,'2019-03-13','14:00:00',46,56,0,0);
INSERT INTO Spiel VALUES (886,28,'2019-03-13','14:00:00',42,51,0,0);
INSERT INTO Spiel VALUES (887,28,'2019-03-13','14:00:00',49,40,0,0);
INSERT INTO Spiel VALUES (888,28,'2019-03-13','14:00:00',50,44,0,0);
INSERT INTO Spiel VALUES (889,28,'2019-03-13','14:00:00',47,41,0,0);
INSERT INTO Spiel VALUES (890,28,'2019-03-13','14:00:00',53,45,0,0);
INSERT INTO Spiel VALUES (891,28,'2019-03-13','14:00:00',39,54,0,0);
INSERT INTO Spiel VALUES (892,28,'2019-03-13','14:00:00',38,43,0,0);
INSERT INTO Spiel VALUES (893,29,'2019-03-16','14:00:00',56,55,0,0);
INSERT INTO Spiel VALUES (894,29,'2019-03-16','14:00:00',41,50,0,0);
INSERT INTO Spiel VALUES (895,29,'2019-03-16','14:00:00',40,52,0,0);
INSERT INTO Spiel VALUES (896,29,'2019-03-16','14:00:00',48,47,0,0);
INSERT INTO Spiel VALUES (897,29,'2019-03-16','14:00:00',37,53,0,0);
INSERT INTO Spiel VALUES (898,29,'2019-03-16','14:00:00',51,39,0,0);
INSERT INTO Spiel VALUES (899,29,'2019-03-16','14:00:00',44,38,0,0);
INSERT INTO Spiel VALUES (900,29,'2019-03-16','14:00:00',54,49,0,0);
INSERT INTO Spiel VALUES (901,29,'2019-03-16','14:00:00',43,42,0,0);
INSERT INTO Spiel VALUES (902,29,'2019-03-16','14:00:00',45,46,0,0);
INSERT INTO Spiel VALUES (903,30,'2019-03-23','14:00:00',53,40,0,0);
INSERT INTO Spiel VALUES (904,30,'2019-03-23','14:00:00',42,44,0,0);
INSERT INTO Spiel VALUES (905,30,'2019-03-23','14:00:00',47,55,0,0);
INSERT INTO Spiel VALUES (906,30,'2019-03-23','14:00:00',50,48,0,0);
INSERT INTO Spiel VALUES (907,30,'2019-03-23','14:00:00',52,54,0,0);
INSERT INTO Spiel VALUES (908,30,'2019-03-23','14:00:00',39,43,0,0);
INSERT INTO Spiel VALUES (909,30,'2019-03-23','14:00:00',46,37,0,0);
INSERT INTO Spiel VALUES (910,30,'2019-03-23','14:00:00',38,41,0,0);
INSERT INTO Spiel VALUES (911,30,'2019-03-23','14:00:00',49,51,0,0);
INSERT INTO Spiel VALUES (912,30,'2019-03-23','14:00:00',45,56,0,0);
INSERT INTO Spiel VALUES (913,31,'2019-03-30','14:00:00',51,52,0,0);
INSERT INTO Spiel VALUES (914,31,'2019-03-30','14:00:00',43,49,0,0);
INSERT INTO Spiel VALUES (915,31,'2019-03-30','14:00:00',37,45,0,0);
INSERT INTO Spiel VALUES (916,31,'2019-03-30','14:00:00',41,42,0,0);
INSERT INTO Spiel VALUES (917,31,'2019-03-30','14:00:00',56,47,0,0);
INSERT INTO Spiel VALUES (918,31,'2019-03-30','14:00:00',54,53,0,0);
INSERT INTO Spiel VALUES (919,31,'2019-03-30','14:00:00',40,46,0,0);
INSERT INTO Spiel VALUES (920,31,'2019-03-30','14:00:00',55,50,0,0);
INSERT INTO Spiel VALUES (921,31,'2019-03-30','14:00:00',48,38,0,0);
INSERT INTO Spiel VALUES (922,31,'2019-03-30','14:00:00',44,39,0,0);
INSERT INTO Spiel VALUES (923,32,'2019-04-06','14:00:00',53,51,0,0);
INSERT INTO Spiel VALUES (924,32,'2019-04-06','14:00:00',45,40,0,0);
INSERT INTO Spiel VALUES (925,32,'2019-04-06','14:00:00',46,54,0,0);
INSERT INTO Spiel VALUES (926,32,'2019-04-06','14:00:00',52,43,0,0);
INSERT INTO Spiel VALUES (927,32,'2019-04-06','14:00:00',38,55,0,0);
INSERT INTO Spiel VALUES (928,32,'2019-04-06','14:00:00',50,47,0,0);
INSERT INTO Spiel VALUES (929,32,'2019-04-06','14:00:00',37,56,0,0);
INSERT INTO Spiel VALUES (930,32,'2019-04-06','14:00:00',42,48,0,0);
INSERT INTO Spiel VALUES (931,32,'2019-04-06','14:00:00',49,44,0,0);
INSERT INTO Spiel VALUES (932,32,'2019-04-06','14:00:00',39,41,0,0);
INSERT INTO Spiel VALUES (933,33,'2019-04-13','14:00:00',47,38,0,0);
INSERT INTO Spiel VALUES (934,33,'2019-04-13','14:00:00',41,49,0,0);
INSERT INTO Spiel VALUES (935,33,'2019-04-13','14:00:00',56,50,0,0);
INSERT INTO Spiel VALUES (936,33,'2019-04-13','14:00:00',48,39,0,0);
INSERT INTO Spiel VALUES (937,33,'2019-04-13','14:00:00',55,42,0,0);
INSERT INTO Spiel VALUES (938,33,'2019-04-13','14:00:00',43,53,0,0);
INSERT INTO Spiel VALUES (939,33,'2019-04-13','14:00:00',40,37,0,0);
INSERT INTO Spiel VALUES (940,33,'2019-04-13','14:00:00',51,46,0,0);
INSERT INTO Spiel VALUES (941,33,'2019-04-13','14:00:00',44,52,0,0);
INSERT INTO Spiel VALUES (942,33,'2019-04-13','14:00:00',54,45,0,0);
INSERT INTO Spiel VALUES (943,34,'2019-04-21','14:00:00',40,56,0,0);
INSERT INTO Spiel VALUES (944,34,'2019-04-21','14:00:00',46,43,0,0);
INSERT INTO Spiel VALUES (945,34,'2019-04-21','14:00:00',52,41,0,0);
INSERT INTO Spiel VALUES (946,34,'2019-04-21','14:00:00',49,48,0,0);
INSERT INTO Spiel VALUES (947,34,'2019-04-21','14:00:00',38,50,0,0);
INSERT INTO Spiel VALUES (948,34,'2019-04-21','14:00:00',39,55,0,0);
INSERT INTO Spiel VALUES (949,34,'2019-04-21','14:00:00',53,44,0,0);
INSERT INTO Spiel VALUES (950,34,'2019-04-21','14:00:00',37,54,0,0);
INSERT INTO Spiel VALUES (951,34,'2019-04-21','14:00:00',45,51,0,0);
INSERT INTO Spiel VALUES (952,34,'2019-04-21','14:00:00',42,47,0,0);
INSERT INTO Spiel VALUES (953,35,'2019-04-27','14:00:00',56,38,0,0);
INSERT INTO Spiel VALUES (954,35,'2019-04-27','14:00:00',44,46,0,0);
INSERT INTO Spiel VALUES (955,35,'2019-04-27','14:00:00',55,49,0,0);
INSERT INTO Spiel VALUES (956,35,'2019-04-27','14:00:00',43,45,0,0);
INSERT INTO Spiel VALUES (957,35,'2019-04-27','14:00:00',47,39,0,0);
INSERT INTO Spiel VALUES (958,35,'2019-04-27','14:00:00',54,40,0,0);
INSERT INTO Spiel VALUES (959,35,'2019-04-27','14:00:00',50,42,0,0);
INSERT INTO Spiel VALUES (960,35,'2019-04-27','14:00:00',41,53,0,0);
INSERT INTO Spiel VALUES (961,35,'2019-04-27','14:00:00',51,37,0,0);
INSERT INTO Spiel VALUES (962,35,'2019-04-27','14:00:00',48,52,0,0);
INSERT INTO Spiel VALUES (963,36,'2019-05-04','14:00:00',52,55,0,0);
INSERT INTO Spiel VALUES (964,36,'2019-05-04','14:00:00',46,41,0,0);
INSERT INTO Spiel VALUES (965,36,'2019-05-04','14:00:00',37,43,0,0);
INSERT INTO Spiel VALUES (966,36,'2019-05-04','14:00:00',53,48,0,0);
INSERT INTO Spiel VALUES (967,36,'2019-05-04','14:00:00',39,50,0,0);
INSERT INTO Spiel VALUES (968,36,'2019-05-04','14:00:00',45,44,0,0);
INSERT INTO Spiel VALUES (969,36,'2019-05-04','14:00:00',42,38,0,0);
INSERT INTO Spiel VALUES (970,36,'2019-05-04','14:00:00',54,56,0,0);
INSERT INTO Spiel VALUES (971,36,'2019-05-04','14:00:00',49,47,0,0);
INSERT INTO Spiel VALUES (972,36,'2019-05-04','14:00:00',40,51,0,0);
INSERT INTO Spiel VALUES (973,37,'2019-05-11','14:00:00',51,54,0,0);
INSERT INTO Spiel VALUES (974,37,'2019-05-11','14:00:00',41,45,0,0);
INSERT INTO Spiel VALUES (975,37,'2019-05-11','14:00:00',42,56,0,0);
INSERT INTO Spiel VALUES (976,37,'2019-05-11','14:00:00',44,37,0,0);
INSERT INTO Spiel VALUES (977,37,'2019-05-11','14:00:00',47,52,0,0);
INSERT INTO Spiel VALUES (978,37,'2019-05-11','14:00:00',38,39,0,0);
INSERT INTO Spiel VALUES (979,37,'2019-05-11','14:00:00',50,49,0,0);
INSERT INTO Spiel VALUES (980,37,'2019-05-11','14:00:00',43,40,0,0);
INSERT INTO Spiel VALUES (981,37,'2019-05-11','14:00:00',55,53,0,0);
INSERT INTO Spiel VALUES (982,37,'2019-05-11','14:00:00',48,46,0,0);
INSERT INTO Spiel VALUES (983,38,'2019-05-18','14:00:00',49,38,0,0);
INSERT INTO Spiel VALUES (984,38,'2019-05-18','14:00:00',37,41,0,0);
INSERT INTO Spiel VALUES (985,38,'2019-05-18','14:00:00',56,51,0,0);
INSERT INTO Spiel VALUES (986,38,'2019-05-18','14:00:00',46,55,0,0);
INSERT INTO Spiel VALUES (987,38,'2019-05-18','14:00:00',52,50,0,0);
INSERT INTO Spiel VALUES (988,38,'2019-05-18','14:00:00',39,42,0,0);
INSERT INTO Spiel VALUES (989,38,'2019-05-18','14:00:00',53,47,0,0);
INSERT INTO Spiel VALUES (990,38,'2019-05-18','14:00:00',40,44,0,0);
INSERT INTO Spiel VALUES (991,38,'2019-05-18','14:00:00',54,43,0,0);
INSERT INTO Spiel VALUES (992,38,'2019-05-18','14:00:00',45,48,0,0);
INSERT INTO Spiel VALUES (1114,15,'2018-11-30','18:30:00',31,26,1,1);
INSERT INTO Spiel VALUES (1115,15,'2018-11-30','18:30:00',25,32,2,2);
INSERT INTO Spiel VALUES (1116,15,'2018-12-01','13:00:00',20,24,4,0);
INSERT INTO Spiel VALUES (1117,15,'2018-12-01','13:00:00',21,30,3,1);
INSERT INTO Spiel VALUES (1118,15,'2018-12-01','13:00:00',36,19,1,2);
INSERT INTO Spiel VALUES (1119,15,'2018-12-01','13:00:00',22,28,1,1);
INSERT INTO Spiel VALUES (1120,15,'2018-12-02','13:30:00',33,27,0,4);
INSERT INTO Spiel VALUES (1121,15,'2018-12-02','13:30:00',34,29,1,2);
INSERT INTO Spiel VALUES (1122,15,'2018-12-02','13:30:00',35,23,0,0);
INSERT INTO Spiel VALUES (1133,13,'2018-11-30','20:30:00',17,10,0,1);
INSERT INTO Spiel VALUES (1134,13,'2018-12-01','15:30:00',1,11,2,0);
INSERT INTO Spiel VALUES (1135,13,'2018-12-01','15:30:00',18,13,1,0);
INSERT INTO Spiel VALUES (1136,13,'2018-12-01','15:30:00',7,5,1,2);
INSERT INTO Spiel VALUES (1137,13,'2018-12-01','15:30:00',16,8,0,2);
INSERT INTO Spiel VALUES (1138,13,'2018-12-01','18:30:00',6,14,1,1);
INSERT INTO Spiel VALUES (1139,13,'2018-12-02','15:30:00',4,2,2,0);
INSERT INTO Spiel VALUES (1140,13,'2018-12-02','18:00:00',3,9,1,2);
INSERT INTO Spiel VALUES (1141,13,'2018-12-03','20:30:00',15,12,1,1);
INSERT INTO Spiel VALUES (1151,17,'2018-11-30','19:00:00',41,46,5,0);
INSERT INTO Spiel VALUES (1152,17,'2018-12-01','14:00:00',51,40,0,2);
INSERT INTO Spiel VALUES (1153,17,'2018-12-01','14:00:00',38,42,1,2);
INSERT INTO Spiel VALUES (1154,17,'2018-12-01','14:00:00',48,53,5,2);
INSERT INTO Spiel VALUES (1155,17,'2018-12-01','14:00:00',44,45,2,0);
INSERT INTO Spiel VALUES (1156,17,'2018-12-01','14:00:00',56,54,2,2);
INSERT INTO Spiel VALUES (1157,17,'2018-12-01','14:00:00',47,49,2,0);
INSERT INTO Spiel VALUES (1158,17,'2018-12-02','13:00:00',55,52,3,0);
INSERT INTO Spiel VALUES (1159,17,'2018-12-02','14:00:00',50,39,1,2);
INSERT INTO Spiel VALUES (1160,17,'2018-12-03','19:00:00',43,37,1,1);
INSERT INTO Spiel VALUES (1301,14,'2018-12-07','20:30:00',7,17,3,1);
INSERT INTO Spiel VALUES (1302,14,'2018-12-08','15:30:00',5,15,3,0);
INSERT INTO Spiel VALUES (1303,14,'2018-12-08','15:30:00',14,1,1,2);
INSERT INTO Spiel VALUES (1304,14,'2018-12-08','15:30:00',12,13,1,0);
INSERT INTO Spiel VALUES (1305,14,'2018-12-08','15:30:00',11,4,3,0);
INSERT INTO Spiel VALUES (1306,14,'2018-12-08','15:30:00',9,6,2,2);
INSERT INTO Spiel VALUES (1307,14,'2018-12-08','18:30:00',8,3,1,0);
INSERT INTO Spiel VALUES (1308,14,'2018-12-09','15:30:00',10,16,1,1);
INSERT INTO Spiel VALUES (1309,14,'2018-12-09','18:00:00',2,18,3,0);
INSERT INTO Spiel VALUES (1338,16,'2018-12-07','18:30:00',19,25,1,0);
INSERT INTO Spiel VALUES (1339,16,'2018-12-07','18:30:00',26,20,1,3);
INSERT INTO Spiel VALUES (1340,16,'2018-12-08','13:00:00',30,36,1,1);
INSERT INTO Spiel VALUES (1341,16,'2018-12-08','13:00:00',29,33,4,1);
INSERT INTO Spiel VALUES (1342,16,'2018-12-08','13:00:00',24,31,0,5);
INSERT INTO Spiel VALUES (1343,16,'2018-12-09','13:30:00',32,34,1,1);
INSERT INTO Spiel VALUES (1344,16,'2018-12-09','13:30:00',28,27,0,2);
INSERT INTO Spiel VALUES (1345,16,'2018-12-09','13:30:00',35,21,1,1);
INSERT INTO Spiel VALUES (1346,16,'2018-12-10','20:30:00',23,22,1,3);
INSERT INTO Spiel VALUES (1347,18,'2018-12-07','19:00:00',53,55,1,2);
INSERT INTO Spiel VALUES (1348,18,'2018-12-08','14:00:00',37,44,2,1);
INSERT INTO Spiel VALUES (1349,18,'2018-12-08','14:00:00',39,38,5,0);
INSERT INTO Spiel VALUES (1350,18,'2018-12-08','14:00:00',46,48,0,0);
INSERT INTO Spiel VALUES (1351,18,'2018-12-08','14:00:00',40,43,2,1);
INSERT INTO Spiel VALUES (1352,18,'2018-12-08','14:00:00',56,42,0,1);
INSERT INTO Spiel VALUES (1353,18,'2018-12-08','14:00:00',52,47,0,0);
INSERT INTO Spiel VALUES (1354,18,'2018-12-09','13:00:00',45,41,0,0);
INSERT INTO Spiel VALUES (1355,18,'2018-12-09','14:00:00',54,51,3,3);
INSERT INTO Spiel VALUES (1356,18,'2018-12-10','19:00:00',49,50,3,0);
INSERT INTO Spiel VALUES (1497,15,'2018-12-14','20:30:00',15,9,0,2);
INSERT INTO Spiel VALUES (1498,15,'2018-12-15','15:30:00',6,2,0,0);
INSERT INTO Spiel VALUES (1499,15,'2018-12-15','15:30:00',18,8,2,1);
INSERT INTO Spiel VALUES (1500,15,'2018-12-15','15:30:00',13,14,1,1);
INSERT INTO Spiel VALUES (1501,15,'2018-12-15','15:30:00',16,5,0,4);
INSERT INTO Spiel VALUES (1502,15,'2018-12-15','15:30:00',17,11,2,0);
INSERT INTO Spiel VALUES (1503,15,'2018-12-15','18:30:00',1,7,2,1);
INSERT INTO Spiel VALUES (1504,15,'2018-12-16','15:30:00',4,10,4,1);
INSERT INTO Spiel VALUES (1505,15,'2018-12-16','18:00:00',3,12,2,1);
INSERT INTO Spiel VALUES (1534,17,'2018-12-14','18:30:00',27,32,1,2);
INSERT INTO Spiel VALUES (1535,17,'2018-12-14','18:30:00',33,19,1,2);
INSERT INTO Spiel VALUES (1536,17,'2018-12-15','13:00:00',21,23,2,0);
INSERT INTO Spiel VALUES (1537,17,'2018-12-15','13:00:00',22,24,2,0);
INSERT INTO Spiel VALUES (1538,17,'2018-12-15','13:00:00',25,28,3,0);
INSERT INTO Spiel VALUES (1539,17,'2018-12-16','13:30:00',36,29,1,1);
INSERT INTO Spiel VALUES (1540,17,'2018-12-16','13:30:00',34,26,2,2);
INSERT INTO Spiel VALUES (1541,17,'2018-12-16','13:30:00',31,30,2,2);
INSERT INTO Spiel VALUES (1542,17,'2018-12-17','20:30:00',20,35,3,0);
INSERT INTO Spiel VALUES (1543,19,'2018-12-14','19:00:00',50,52,1,1);
INSERT INTO Spiel VALUES (1544,19,'2018-12-15','14:00:00',41,37,1,1);
INSERT INTO Spiel VALUES (1545,19,'2018-12-15','14:00:00',51,56,0,1);
INSERT INTO Spiel VALUES (1546,19,'2018-12-15','14:00:00',43,54,1,1);
INSERT INTO Spiel VALUES (1547,19,'2018-12-15','14:00:00',38,49,0,2);
INSERT INTO Spiel VALUES (1548,19,'2018-12-15','14:00:00',55,46,0,1);
INSERT INTO Spiel VALUES (1549,19,'2018-12-15','14:00:00',42,39,0,3);
INSERT INTO Spiel VALUES (1550,19,'2018-12-16','13:00:00',47,53,1,3);
INSERT INTO Spiel VALUES (1551,19,'2018-12-16','14:00:00',48,45,2,2);
INSERT INTO Spiel VALUES (1552,19,'2018-12-17','19:00:00',44,40,0,2);
INSERT INTO Spiel VALUES (1581,16,'2018-12-18','18:30:00',2,15,2,0);
INSERT INTO Spiel VALUES (1582,16,'2018-12-18','20:30:00',8,13,2,2);
INSERT INTO Spiel VALUES (1583,16,'2018-12-18','20:30:00',9,18,2,0);
INSERT INTO Spiel VALUES (1584,16,'2018-12-18','20:30:00',17,1,2,1);
INSERT INTO Spiel VALUES (1585,16,'2018-12-19','18:30:00',14,12,1,2);
INSERT INTO Spiel VALUES (1586,16,'2018-12-19','20:30:00',5,4,1,0);
INSERT INTO Spiel VALUES (1587,16,'2018-12-19','20:30:00',7,6,1,1);
INSERT INTO Spiel VALUES (1588,16,'2018-12-19','20:30:00',11,16,1,1);
INSERT INTO Spiel VALUES (1589,16,'2018-12-19','20:30:00',10,3,2,2);
INSERT INTO Spiel VALUES (1693,17,'2018-12-21','20:30:00',1,2,2,1);
INSERT INTO Spiel VALUES (1694,17,'2018-12-22','15:30:00',12,8,3,1);
INSERT INTO Spiel VALUES (1695,17,'2018-12-22','15:30:00',4,7,3,2);
INSERT INTO Spiel VALUES (1696,17,'2018-12-22','15:30:00',18,14,1,3);
INSERT INTO Spiel VALUES (1697,17,'2018-12-22','15:30:00',16,17,0,1);
INSERT INTO Spiel VALUES (1698,17,'2018-12-22','15:30:00',15,11,0,1);
INSERT INTO Spiel VALUES (1699,17,'2018-12-22','18:30:00',3,5,0,3);
INSERT INTO Spiel VALUES (1700,17,'2018-12-23','15:30:00',13,9,2,3);
INSERT INTO Spiel VALUES (1701,17,'2018-12-23','18:00:00',6,10,1,1);
INSERT INTO Spiel VALUES (1702,18,'2018-12-21','18:30:00',20,23,2,3);
INSERT INTO Spiel VALUES (1703,18,'2018-12-21','18:30:00',34,24,0,0);
INSERT INTO Spiel VALUES (1704,18,'2018-12-22','13:00:00',32,29,1,2);
INSERT INTO Spiel VALUES (1705,18,'2018-12-22','13:00:00',36,26,1,2);
INSERT INTO Spiel VALUES (1706,18,'2018-12-22','13:00:00',22,35,4,1);
INSERT INTO Spiel VALUES (1707,18,'2018-12-23','13:30:00',27,19,3,1);
INSERT INTO Spiel VALUES (1708,18,'2018-12-23','13:30:00',33,28,1,3);
INSERT INTO Spiel VALUES (1709,18,'2018-12-23','13:30:00',31,21,3,0);
INSERT INTO Spiel VALUES (1710,18,'2018-12-23','13:30:00',25,30,6,2);
INSERT INTO Spiel VALUES (1711,20,'2018-12-21','19:00:00',44,54,2,1);
INSERT INTO Spiel VALUES (1712,20,'2018-12-22','14:00:00',48,37,1,2);
INSERT INTO Spiel VALUES (1713,20,'2018-12-22','14:00:00',43,51,0,2);
INSERT INTO Spiel VALUES (1714,20,'2018-12-22','14:00:00',55,45,2,0);
INSERT INTO Spiel VALUES (1715,20,'2018-12-22','14:00:00',38,52,0,2);
INSERT INTO Spiel VALUES (1716,20,'2018-12-22','14:00:00',47,46,2,1);
INSERT INTO Spiel VALUES (1717,20,'2018-12-22','14:00:00',39,56,1,1);
INSERT INTO Spiel VALUES (1718,20,'2018-12-22','14:00:00',42,49,2,0);
INSERT INTO Spiel VALUES (1719,20,'2018-12-23','13:00:00',41,40,4,0);
INSERT INTO Spiel VALUES (1720,20,'2018-12-23','14:00:00',50,53,0,0);
INSERT INTO Spiel VALUES (2476,18,'2019-01-18','20:30:00',6,5,1,3);
INSERT INTO Spiel VALUES (2477,18,'2019-01-19','15:30:00',12,2,0,1);
INSERT INTO Spiel VALUES (2478,18,'2019-01-19','15:30:00',18,10,2,3);
INSERT INTO Spiel VALUES (2479,18,'2019-01-19','15:30:00',3,11,3,1);
INSERT INTO Spiel VALUES (2480,18,'2019-01-19','15:30:00',13,17,1,2);
INSERT INTO Spiel VALUES (2481,18,'2019-01-19','15:30:00',16,7,0,1);
INSERT INTO Spiel VALUES (2482,18,'2019-01-19','18:30:00',4,1,0,1);
INSERT INTO Spiel VALUES (2483,18,'2019-01-20','15:30:00',15,8,1,3);
INSERT INTO Spiel VALUES (2484,18,'2019-01-20','18:00:00',14,9,2,1);
INSERT INTO Spiel VALUES (2532,19,'2019-01-25','20:30:00',8,14,0,0);
INSERT INTO Spiel VALUES (2533,19,'2019-01-26','15:30:00',1,16,0,0);
INSERT INTO Spiel VALUES (2534,19,'2019-01-26','15:30:00',2,13,0,0);
INSERT INTO Spiel VALUES (2535,19,'2019-01-26','15:30:00',11,6,0,0);
INSERT INTO Spiel VALUES (2536,19,'2019-01-26','15:30:00',10,15,0,0);
INSERT INTO Spiel VALUES (2537,19,'2019-01-26','15:30:00',9,12,0,0);
INSERT INTO Spiel VALUES (2538,19,'2019-01-26','18:30:00',7,3,0,0);
INSERT INTO Spiel VALUES (2539,19,'2019-01-27','15:30:00',5,18,0,0);
INSERT INTO Spiel VALUES (2540,19,'2019-01-27','18:00:00',17,4,0,0);
INSERT INTO Spiel VALUES (2541,19,'2019-01-29','18:30:00',23,33,0,0);
INSERT INTO Spiel VALUES (2542,19,'2019-01-29','20:30:00',30,22,0,0);
INSERT INTO Spiel VALUES (2543,19,'2019-01-29','20:30:00',24,36,0,0);
INSERT INTO Spiel VALUES (2544,19,'2019-01-29','20:30:00',35,31,0,0);
INSERT INTO Spiel VALUES (2545,19,'2019-01-30','18:30:00',26,25,0,0);
INSERT INTO Spiel VALUES (2546,19,'2019-01-30','20:30:00',19,34,0,0);
INSERT INTO Spiel VALUES (2547,19,'2019-01-30','20:30:00',29,27,0,0);
INSERT INTO Spiel VALUES (2548,19,'2019-01-30','20:30:00',28,32,0,0);
INSERT INTO Spiel VALUES (2549,19,'2019-01-31','20:30:00',21,20,0,0);
INSERT INTO Spiel VALUES (2550,21,'2019-01-25','19:00:00',45,47,0,0);
INSERT INTO Spiel VALUES (2551,21,'2019-01-26','14:00:00',53,38,0,0);
INSERT INTO Spiel VALUES (2552,21,'2019-01-26','14:00:00',51,44,0,0);
INSERT INTO Spiel VALUES (2553,21,'2019-01-26','14:00:00',52,42,0,0);
INSERT INTO Spiel VALUES (2554,21,'2019-01-26','14:00:00',46,50,0,0);
INSERT INTO Spiel VALUES (2555,21,'2019-01-26','14:00:00',37,55,0,0);
INSERT INTO Spiel VALUES (2556,21,'2019-01-27','13:00:00',49,39,0,0);
INSERT INTO Spiel VALUES (2557,21,'2019-01-27','14:00:00',56,43,0,0);
INSERT INTO Spiel VALUES (2558,21,'2019-01-27','15:00:00',40,48,0,0);
INSERT INTO Spiel VALUES (2559,21,'2019-01-28','19:00:00',54,41,0,0);

INSERT INTO liga VALUES (1,'Deutsche Fußball-Liga','1963-08-24',1,'Karl-Heinz Körbel ',602),
 (2,'Deutsche Fußball-Liga','1974-08-02',17,'Willi Landgraf ',508),
(3,'Deutscher Fußball-Bund','2008-07-25',26,'Robert Wulnikowski ',111);


INSERT INTO verein (v_id,name,liga)
VALUES (101,'FSV Zwickau',3),(102,'Sportfreunde Lotte',3),(103,'Rot Weiß Essen',4);


ALTER TABLE spieler ALTER COLUMN vereins_id DROP NOT NULL;
INSERT INTO spieler (spieler_id,vereins_id,spieler_name) VALUES
(6000,null,'Eric Cantona'),(6001,null,'Pele'),(6002,null,'Linus Torvalds');


INSERT INTO spiel
SELECT spiel_id+100000,spieltag,datum,uhrzeit,101,102,tore_heim,tore_gast
FROM spiel;